scenario,model_path,defense,img_idx,label_true,repeat_id,seed,label_pred,label_correct,ssim,psnr,final_loss,avg_ssim,avg_psnr,std_ssim,std_psnr,label_acc,threshold,model_acc_before,model_acc_after
fl_model_orig_grads,global_model_state_exp2_b64_e15_c10.pt,none,20,4,0,123,4,1,0.9767970442771912,33.27041891752928,7.903719961177558e-05,,,,,,,,
fl_model_orig_grads,global_model_state_exp2_b64_e15_c10.pt,none,20,4,1,124,4,1,0.9760458469390869,33.30951593001632,7.859863399062306e-05,,,,,,,,
fl_model_orig_grads,global_model_state_exp2_b64_e15_c10.pt,none,20,4,2,125,4,1,0.9767559170722961,33.33125006508257,7.883269427111372e-05,,,,,,,,
fl_model_orig_grads,global_model_state_exp2_b64_e15_c10.pt,none,20,4,3,126,4,1,0.9765135645866394,33.26854120015602,7.869383262004703e-05,,,,,,,,
fl_model_orig_grads,global_model_state_exp2_b64_e15_c10.pt,none,20,4,4,127,4,1,0.9777782559394836,33.42976369797967,7.878837641328573e-05,,,,,,,,
fl_model_orig_grads,global_model_state_exp2_b64_e15_c10.pt,none,20,4,5,128,4,1,0.977522075176239,33.46454987500378,7.868425745982677e-05,,,,,,,,
fl_model_orig_grads,global_model_state_exp2_b64_e15_c10.pt,none,20,4,6,129,4,1,0.97621089220047,33.22021487319174,7.861215999582782e-05,,,,,,,,
fl_model_orig_grads,global_model_state_exp2_b64_e15_c10.pt,none,20,4,7,130,4,1,0.9780464768409729,33.67668120486814,7.894926966400817e-05,,,,,,,,
fl_model_orig_grads,global_model_state_exp2_b64_e15_c10.pt,none,20,4,8,131,4,1,0.9777860045433044,33.437514173814286,7.863291102694348e-05,,,,,,,,
fl_model_orig_grads,global_model_state_exp2_b64_e15_c10.pt,none,20,4,9,132,4,1,0.976680338382721,33.31411306245705,7.87445023888722e-05,,,,,,,,
fl_model_orig_grads,global_model_state_exp2_b64_e15_c10.pt,none,20,4,10,133,4,1,0.9774230122566223,33.370314344070316,7.882079080445692e-05,,,,,,,,
fl_model_orig_grads,global_model_state_exp2_b64_e15_c10.pt,none,20,4,11,134,4,1,0.9775018095970154,33.50218656123683,7.864326471462846e-05,,,,,,,,
fl_model_orig_grads,global_model_state_exp2_b64_e15_c10.pt,none,20,4,12,135,4,1,0.9765413403511047,33.27011706297722,7.879331678850576e-05,,,,,,,,
fl_model_orig_grads,global_model_state_exp2_b64_e15_c10.pt,none,20,4,13,136,4,1,0.9770914912223816,33.58042675117477,7.86943783168681e-05,,,,,,,,
fl_model_orig_grads,global_model_state_exp2_b64_e15_c10.pt,none,20,4,14,137,4,1,0.9776995182037354,33.40634334969406,7.874589937273413e-05,,,,,,,,
fl_model_orig_grads,global_model_state_exp2_b64_e15_c10.pt,none,20,4,15,138,4,1,0.9767232537269592,33.37630622911632,7.867496606195346e-05,,,,,,,,
fl_model_orig_grads,global_model_state_exp2_b64_e15_c10.pt,none,20,4,16,139,4,1,0.9766814112663269,33.31071454817955,7.876053859945387e-05,,,,,,,,
fl_model_orig_grads,global_model_state_exp2_b64_e15_c10.pt,none,20,4,17,140,4,1,0.9766871333122253,33.358858944774504,7.886576349847019e-05,,,,,,,,
fl_model_orig_grads,global_model_state_exp2_b64_e15_c10.pt,none,20,4,18,141,4,1,0.9769115447998047,33.296414328852656,7.868377724662423e-05,,,,,,,,
fl_model_orig_grads,global_model_state_exp2_b64_e15_c10.pt,none,20,4,19,142,4,1,0.9763228893280029,33.229997113700506,7.86999735282734e-05,,,,,,,,
fl_model_orig_grads,global_model_state_exp2_b64_e15_c10.pt,none,20,4,20,143,4,1,0.9765724539756775,33.24062380519586,7.885959348641336e-05,,,,,,,,
fl_model_orig_grads,global_model_state_exp2_b64_e15_c10.pt,none,20,4,21,144,4,1,0.9762740731239319,33.13436645049818,7.873401773395017e-05,,,,,,,,
fl_model_orig_grads,global_model_state_exp2_b64_e15_c10.pt,none,20,4,22,145,4,1,0.9764510989189148,33.4129890908106,7.864040526328608e-05,,,,,,,,
fl_model_orig_grads,global_model_state_exp2_b64_e15_c10.pt,none,20,4,23,146,4,1,0.9763272404670715,33.243457923300404,7.865884253988042e-05,,,,,,,,
fl_model_orig_grads,global_model_state_exp2_b64_e15_c10.pt,none,20,4,24,147,4,1,0.9765487313270569,33.47069411221244,7.87113094702363e-05,,,,,,,,
fl_model_orig_grads,global_model_state_exp2_b64_e15_c10.pt,none,20,4,25,148,4,1,0.9773359894752502,33.55864662806992,7.874736184021458e-05,,,,,,,,
fl_model_orig_grads,global_model_state_exp2_b64_e15_c10.pt,none,20,4,26,149,4,1,0.5653154253959656,17.36890315688247,0.00042032019700855017,,,,,,,,
fl_model_orig_grads,global_model_state_exp2_b64_e15_c10.pt,none,20,4,27,150,4,1,0.9763953685760498,33.37177635387555,7.86247692303732e-05,,,,,,,,
fl_model_orig_grads,global_model_state_exp2_b64_e15_c10.pt,none,20,4,28,151,4,1,0.9759368300437927,33.39754889873111,7.862984057283029e-05,,,,,,,,
fl_model_orig_grads,global_model_state_exp2_b64_e15_c10.pt,none,20,4,29,152,4,1,0.976208508014679,33.376755174297415,7.866808300605044e-05,,,,,,,,
fl_model_orig_grads,global_model_state_exp2_b64_e15_c10.pt,none,20,4,30,153,4,1,0.9772794842720032,33.56216315953879,7.872373680584133e-05,,,,,,,,
fl_model_orig_grads,global_model_state_exp2_b64_e15_c10.pt,none,20,4,31,154,4,1,0.9767821431159973,33.35261111400457,7.869721594033763e-05,,,,,,,,
fl_model_orig_grads,global_model_state_exp2_b64_e15_c10.pt,none,20,4,32,155,4,1,0.9769614338874817,33.31331718230413,7.86813980084844e-05,,,,,,,,
fl_model_orig_grads,global_model_state_exp2_b64_e15_c10.pt,none,20,4,33,156,4,1,0.9768679738044739,33.31428153098338,7.857565651647747e-05,,,,,,,,
fl_model_orig_grads,global_model_state_exp2_b64_e15_c10.pt,none,20,4,34,157,4,1,0.9767091870307922,33.46714218568856,7.859267498133704e-05,,,,,,,,
fl_model_orig_grads,global_model_state_exp2_b64_e15_c10.pt,none,20,4,35,158,4,1,0.9766674637794495,33.331951186362346,7.864689541747794e-05,,,,,,,,
fl_model_orig_grads,global_model_state_exp2_b64_e15_c10.pt,none,20,4,36,159,4,1,0.9767603874206543,33.436217540863474,7.863629434723407e-05,,,,,,,,
fl_model_orig_grads,global_model_state_exp2_b64_e15_c10.pt,none,20,4,37,160,4,1,0.9764497876167297,33.28857130872096,7.866840314818546e-05,,,,,,,,
fl_model_orig_grads,global_model_state_exp2_b64_e15_c10.pt,none,20,4,38,161,4,1,0.9764476418495178,33.37845509362617,7.866142550483346e-05,,,,,,,,
fl_model_orig_grads,global_model_state_exp2_b64_e15_c10.pt,none,20,4,39,162,4,1,0.977112352848053,33.225835027481104,7.889933476690203e-05,,,,,,,,
fl_model_orig_grads,global_model_state_exp2_b64_e15_c10.pt,none,20,4,40,163,4,1,0.9764072895050049,33.390980898687644,7.872378773754463e-05,,,,,,,,
fl_model_orig_grads,global_model_state_exp2_b64_e15_c10.pt,none,20,4,41,164,4,1,0.9771501421928406,33.509639181240765,7.858764001866803e-05,,,,,,,,
fl_model_orig_grads,global_model_state_exp2_b64_e15_c10.pt,none,20,4,42,165,4,1,0.9771564602851868,33.5017306573072,7.862982602091506e-05,,,,,,,,
fl_model_orig_grads,global_model_state_exp2_b64_e15_c10.pt,none,20,4,43,166,4,1,0.9769630432128906,33.40410786111978,7.859362085582688e-05,,,,,,,,
fl_model_orig_grads,global_model_state_exp2_b64_e15_c10.pt,none,20,4,44,167,4,1,0.9763756394386292,33.340263364615836,7.86582677392289e-05,,,,,,,,
fl_model_orig_grads,global_model_state_exp2_b64_e15_c10.pt,none,20,4,45,168,4,1,0.9770973324775696,33.39220345871773,7.870805711718276e-05,,,,,,,,
fl_model_orig_grads,global_model_state_exp2_b64_e15_c10.pt,none,20,4,46,169,4,1,0.9765786528587341,33.39554870524577,7.860310142859817e-05,,,,,,,,
fl_model_orig_grads,global_model_state_exp2_b64_e15_c10.pt,none,20,4,47,170,4,1,0.977078914642334,33.47636373712784,7.876550807850435e-05,,,,,,,,
fl_model_orig_grads,global_model_state_exp2_b64_e15_c10.pt,none,20,4,48,171,4,1,0.9759974479675293,33.37236218792464,7.863940845709294e-05,,,,,,,,
fl_model_orig_grads,global_model_state_exp2_b64_e15_c10.pt,none,20,4,49,172,4,1,0.9768328666687012,33.350593277708704,7.868345710448921e-05,,,,,,,,
fl_model_orig_grads,global_model_state_exp2_b64_e15_c10.pt,none,20,4,AVG,-,-,-,-,-,-,0.9685752236843109,33.056086849740375,0.057610541912217046,2.2434213277624044,1.0,,0.4702,0.47019999999999995
fl_model_orig_grads,global_model_state_exp2_b64_e15_c10.pt,none,21,3,0,123,3,1,0.9619612693786621,35.96041172064577,4.95252461405471e-05,,,,,,,,
fl_model_orig_grads,global_model_state_exp2_b64_e15_c10.pt,none,21,3,1,124,3,1,0.9618495106697083,35.90995461881104,4.948674177285284e-05,,,,,,,,
fl_model_orig_grads,global_model_state_exp2_b64_e15_c10.pt,none,21,3,2,125,3,1,0.6393069624900818,21.125418469085716,0.0014483121922239661,,,,,,,,
fl_model_orig_grads,global_model_state_exp2_b64_e15_c10.pt,none,21,3,3,126,3,1,0.9616668224334717,35.96765144357076,4.96215870953165e-05,,,,,,,,
fl_model_orig_grads,global_model_state_exp2_b64_e15_c10.pt,none,21,3,4,127,3,1,0.9619975090026855,35.97680758208961,4.961074228049256e-05,,,,,,,,
fl_model_orig_grads,global_model_state_exp2_b64_e15_c10.pt,none,21,3,5,128,3,1,0.9618178009986877,36.04400072936242,4.950178481522016e-05,,,,,,,,
fl_model_orig_grads,global_model_state_exp2_b64_e15_c10.pt,none,21,3,6,129,3,1,0.9606345295906067,35.72797400140378,4.9693993787514046e-05,,,,,,,,
fl_model_orig_grads,global_model_state_exp2_b64_e15_c10.pt,none,21,3,7,130,3,1,0.9618280529975891,35.959512126701654,4.954107862431556e-05,,,,,,,,
fl_model_orig_grads,global_model_state_exp2_b64_e15_c10.pt,none,21,3,8,131,3,1,0.9606450200080872,35.73602808706787,4.9577934987610206e-05,,,,,,,,
fl_model_orig_grads,global_model_state_exp2_b64_e15_c10.pt,none,21,3,9,132,3,1,0.6383171677589417,21.545568775811464,0.004107518587261438,,,,,,,,
fl_model_orig_grads,global_model_state_exp2_b64_e15_c10.pt,none,21,3,10,133,3,1,0.960797131061554,35.84309959138136,4.949146386934444e-05,,,,,,,,
fl_model_orig_grads,global_model_state_exp2_b64_e15_c10.pt,none,21,3,11,134,3,1,0.9617496132850647,36.048004923463665,4.954930045641959e-05,,,,,,,,
fl_model_orig_grads,global_model_state_exp2_b64_e15_c10.pt,none,21,3,12,135,3,1,0.9608931541442871,35.78757549434172,4.952600647811778e-05,,,,,,,,
fl_model_orig_grads,global_model_state_exp2_b64_e15_c10.pt,none,21,3,13,136,3,1,0.9616315960884094,35.953020709286264,5.003983460483141e-05,,,,,,,,
fl_model_orig_grads,global_model_state_exp2_b64_e15_c10.pt,none,21,3,14,137,3,1,0.9621244072914124,36.04180021741076,4.961013837601058e-05,,,,,,,,
fl_model_orig_grads,global_model_state_exp2_b64_e15_c10.pt,none,21,3,15,138,3,1,0.9614418148994446,35.921191172986425,4.9552367272553965e-05,,,,,,,,
fl_model_orig_grads,global_model_state_exp2_b64_e15_c10.pt,none,21,3,16,139,3,1,0.9622766375541687,36.07950569177029,4.9818936531664804e-05,,,,,,,,
fl_model_orig_grads,global_model_state_exp2_b64_e15_c10.pt,none,21,3,17,140,3,1,0.9610519409179688,35.92877179034475,4.951058508595452e-05,,,,,,,,
fl_model_orig_grads,global_model_state_exp2_b64_e15_c10.pt,none,21,3,18,141,3,1,0.961604654788971,35.957439748832954,4.9532278353581205e-05,,,,,,,,
fl_model_orig_grads,global_model_state_exp2_b64_e15_c10.pt,none,21,3,19,142,3,1,0.9620254039764404,35.980466772367805,4.957227793056518e-05,,,,,,,,
fl_model_orig_grads,global_model_state_exp2_b64_e15_c10.pt,none,21,3,20,143,3,1,0.9607701897621155,35.85046160105151,4.951584924128838e-05,,,,,,,,
fl_model_orig_grads,global_model_state_exp2_b64_e15_c10.pt,none,21,3,21,144,3,1,0.9615220427513123,36.01912424176228,4.955169788445346e-05,,,,,,,,
fl_model_orig_grads,global_model_state_exp2_b64_e15_c10.pt,none,21,3,22,145,3,1,0.9614436030387878,35.91984884997198,4.9539470637682825e-05,,,,,,,,
fl_model_orig_grads,global_model_state_exp2_b64_e15_c10.pt,none,21,3,23,146,3,1,0.9619553685188293,36.055358718764786,4.958248246111907e-05,,,,,,,,
fl_model_orig_grads,global_model_state_exp2_b64_e15_c10.pt,none,21,3,24,147,3,1,0.9604496955871582,35.7510427887247,4.953243478666991e-05,,,,,,,,
fl_model_orig_grads,global_model_state_exp2_b64_e15_c10.pt,none,21,3,25,148,3,1,0.9624910950660706,36.110359414476235,4.95790591230616e-05,,,,,,,,
fl_model_orig_grads,global_model_state_exp2_b64_e15_c10.pt,none,21,3,26,149,3,1,0.9609401822090149,35.776100147925106,4.950585207552649e-05,,,,,,,,
fl_model_orig_grads,global_model_state_exp2_b64_e15_c10.pt,none,21,3,27,150,3,1,0.961345374584198,35.936082969154974,4.952305243932642e-05,,,,,,,,
fl_model_orig_grads,global_model_state_exp2_b64_e15_c10.pt,none,21,3,28,151,3,1,0.961993396282196,36.009255574369185,4.9599115300225094e-05,,,,,,,,
fl_model_orig_grads,global_model_state_exp2_b64_e15_c10.pt,none,21,3,29,152,3,1,0.9613097310066223,36.00643528559083,4.956602060701698e-05,,,,,,,,
fl_model_orig_grads,global_model_state_exp2_b64_e15_c10.pt,none,21,3,30,153,3,1,0.962068498134613,36.037512286882496,4.9506910727359354e-05,,,,,,,,
fl_model_orig_grads,global_model_state_exp2_b64_e15_c10.pt,none,21,3,31,154,3,1,0.961296021938324,35.923017427465965,4.9506095820106566e-05,,,,,,,,
fl_model_orig_grads,global_model_state_exp2_b64_e15_c10.pt,none,21,3,32,155,3,1,0.961495578289032,35.916920490265944,4.962052480550483e-05,,,,,,,,
fl_model_orig_grads,global_model_state_exp2_b64_e15_c10.pt,none,21,3,33,156,3,1,0.9615760445594788,35.99992578816246,4.9662961828289554e-05,,,,,,,,
fl_model_orig_grads,global_model_state_exp2_b64_e15_c10.pt,none,21,3,34,157,3,1,0.9616022706031799,35.99250666240975,4.9566864618100226e-05,,,,,,,,
fl_model_orig_grads,global_model_state_exp2_b64_e15_c10.pt,none,21,3,35,158,3,1,0.9623237252235413,36.03869034932743,4.9529200623510405e-05,,,,,,,,
fl_model_orig_grads,global_model_state_exp2_b64_e15_c10.pt,none,21,3,36,159,3,1,0.9611486792564392,35.90737055852439,4.9522859626449645e-05,,,,,,,,
fl_model_orig_grads,global_model_state_exp2_b64_e15_c10.pt,none,21,3,37,160,3,1,0.9610968232154846,35.94499330799307,4.9517704610479996e-05,,,,,,,,
fl_model_orig_grads,global_model_state_exp2_b64_e15_c10.pt,none,21,3,38,161,3,1,0.6063171625137329,20.724014455721225,0.0010696222307160497,,,,,,,,
fl_model_orig_grads,global_model_state_exp2_b64_e15_c10.pt,none,21,3,39,162,3,1,0.9614161849021912,36.02039581177104,4.95291969855316e-05,,,,,,,,
fl_model_orig_grads,global_model_state_exp2_b64_e15_c10.pt,none,21,3,40,163,3,1,0.9612299799919128,36.002676288222645,4.962688763043843e-05,,,,,,,,
fl_model_orig_grads,global_model_state_exp2_b64_e15_c10.pt,none,21,3,41,164,3,1,0.9609233736991882,35.948588441634264,4.9484395276522264e-05,,,,,,,,
fl_model_orig_grads,global_model_state_exp2_b64_e15_c10.pt,none,21,3,42,165,3,1,0.9623668193817139,36.0638527208835,4.958847421221435e-05,,,,,,,,
fl_model_orig_grads,global_model_state_exp2_b64_e15_c10.pt,none,21,3,43,166,3,1,0.9617020487785339,35.922410238588796,4.951396840624511e-05,,,,,,,,
fl_model_orig_grads,global_model_state_exp2_b64_e15_c10.pt,none,21,3,44,167,3,1,0.9613383412361145,35.8581085723814,4.952590825268999e-05,,,,,,,,
fl_model_orig_grads,global_model_state_exp2_b64_e15_c10.pt,none,21,3,45,168,3,1,0.655811071395874,21.79420836441007,0.0015717275673523545,,,,,,,,
fl_model_orig_grads,global_model_state_exp2_b64_e15_c10.pt,none,21,3,46,169,3,1,0.5864260792732239,19.771912386265246,0.0016621914692223072,,,,,,,,
fl_model_orig_grads,global_model_state_exp2_b64_e15_c10.pt,none,21,3,47,170,3,1,0.9609565734863281,35.85427351884687,4.9570568080525845e-05,,,,,,,,
fl_model_orig_grads,global_model_state_exp2_b64_e15_c10.pt,none,21,3,48,171,3,1,0.9611496925354004,35.842815317114884,4.946316403220408e-05,,,,,,,,
fl_model_orig_grads,global_model_state_exp2_b64_e15_c10.pt,none,21,3,49,172,3,1,0.9625813961029053,35.963522369630674,4.970677036908455e-05,,,,,,,,
fl_model_orig_grads,global_model_state_exp2_b64_e15_c10.pt,none,21,3,AVG,-,-,-,-,-,-,0.9278933608531952,34.4491197723006,0.10120064591344535,4.4921183404820875,1.0,,0.4702,0.47019999999999995
fl_model_orig_grads,global_model_state_exp2_b64_e15_c10.pt,none,22,6,0,123,6,1,0.9069550633430481,30.21828679906102,7.180587999755517e-05,,,,,,,,
fl_model_orig_grads,global_model_state_exp2_b64_e15_c10.pt,none,22,6,1,124,6,1,0.9062681198120117,30.108578015870822,7.245568122016266e-05,,,,,,,,
fl_model_orig_grads,global_model_state_exp2_b64_e15_c10.pt,none,22,6,2,125,6,1,0.906729519367218,30.076807574760398,7.176658255048096e-05,,,,,,,,
fl_model_orig_grads,global_model_state_exp2_b64_e15_c10.pt,none,22,6,3,126,6,1,0.9068768620491028,30.093516613128628,7.190612814156339e-05,,,,,,,,
fl_model_orig_grads,global_model_state_exp2_b64_e15_c10.pt,none,22,6,4,127,6,1,0.9064928889274597,30.10072435904042,7.216687663458288e-05,,,,,,,,
fl_model_orig_grads,global_model_state_exp2_b64_e15_c10.pt,none,22,6,5,128,6,1,0.9070064425468445,30.101888061632856,7.201744301710278e-05,,,,,,,,
fl_model_orig_grads,global_model_state_exp2_b64_e15_c10.pt,none,22,6,6,129,6,1,0.38152074813842773,14.90208741451002,0.0015277910279110074,,,,,,,,
fl_model_orig_grads,global_model_state_exp2_b64_e15_c10.pt,none,22,6,7,130,6,1,0.9066354632377625,30.17164628871146,7.186657603597268e-05,,,,,,,,
fl_model_orig_grads,global_model_state_exp2_b64_e15_c10.pt,none,22,6,8,131,6,1,0.9065355658531189,30.118302277671333,7.193595229182392e-05,,,,,,,,
fl_model_orig_grads,global_model_state_exp2_b64_e15_c10.pt,none,22,6,9,132,6,1,0.9079590439796448,30.10632205267815,7.19196250429377e-05,,,,,,,,
fl_model_orig_grads,global_model_state_exp2_b64_e15_c10.pt,none,22,6,10,133,6,1,0.9063733220100403,30.104103055680223,7.219301915029064e-05,,,,,,,,
fl_model_orig_grads,global_model_state_exp2_b64_e15_c10.pt,none,22,6,11,134,6,1,0.9084160327911377,30.221526532240315,7.191974873421714e-05,,,,,,,,
fl_model_orig_grads,global_model_state_exp2_b64_e15_c10.pt,none,22,6,12,135,6,1,0.9075651168823242,30.15307078895041,7.20113530405797e-05,,,,,,,,
fl_model_orig_grads,global_model_state_exp2_b64_e15_c10.pt,none,22,6,13,136,6,1,0.907160222530365,30.238996515598387,7.190078031271696e-05,,,,,,,,
fl_model_orig_grads,global_model_state_exp2_b64_e15_c10.pt,none,22,6,14,137,6,1,0.9064709544181824,30.118763577414587,7.19939562259242e-05,,,,,,,,
fl_model_orig_grads,global_model_state_exp2_b64_e15_c10.pt,none,22,6,15,138,6,1,0.9070125222206116,30.134144152846222,7.187451410572976e-05,,,,,,,,
fl_model_orig_grads,global_model_state_exp2_b64_e15_c10.pt,none,22,6,16,139,6,1,0.9081048965454102,30.270063357678275,7.191585609689355e-05,,,,,,,,
fl_model_orig_grads,global_model_state_exp2_b64_e15_c10.pt,none,22,6,17,140,6,1,0.9063220024108887,29.461545384366907,7.602629921166226e-05,,,,,,,,
fl_model_orig_grads,global_model_state_exp2_b64_e15_c10.pt,none,22,6,18,141,6,1,0.9067241549491882,30.091900357189324,7.218690006993711e-05,,,,,,,,
fl_model_orig_grads,global_model_state_exp2_b64_e15_c10.pt,none,22,6,19,142,6,1,0.9069151282310486,30.0637809777932,7.219778490252793e-05,,,,,,,,
fl_model_orig_grads,global_model_state_exp2_b64_e15_c10.pt,none,22,6,20,143,6,1,0.9072372317314148,30.15869525593013,7.184597052400932e-05,,,,,,,,
fl_model_orig_grads,global_model_state_exp2_b64_e15_c10.pt,none,22,6,21,144,6,1,0.9064374566078186,30.16250376444711,7.205027213785797e-05,,,,,,,,
fl_model_orig_grads,global_model_state_exp2_b64_e15_c10.pt,none,22,6,22,145,6,1,0.9085330963134766,30.270044213688752,7.192778866738081e-05,,,,,,,,
fl_model_orig_grads,global_model_state_exp2_b64_e15_c10.pt,none,22,6,23,146,6,1,0.9067344069480896,30.158028852784344,7.185142021626234e-05,,,,,,,,
fl_model_orig_grads,global_model_state_exp2_b64_e15_c10.pt,none,22,6,24,147,6,1,0.907474935054779,30.112995835293113,7.204007124528289e-05,,,,,,,,
fl_model_orig_grads,global_model_state_exp2_b64_e15_c10.pt,none,22,6,25,148,6,1,0.9075877070426941,30.229832490085627,7.18061055522412e-05,,,,,,,,
fl_model_orig_grads,global_model_state_exp2_b64_e15_c10.pt,none,22,6,26,149,6,1,0.9082633852958679,30.169772723956243,7.225264562293887e-05,,,,,,,,
fl_model_orig_grads,global_model_state_exp2_b64_e15_c10.pt,none,22,6,27,150,6,1,0.9075958132743835,30.15599482596198,7.20121170161292e-05,,,,,,,,
fl_model_orig_grads,global_model_state_exp2_b64_e15_c10.pt,none,22,6,28,151,6,1,0.9087397456169128,30.260494156000828,7.186336733866483e-05,,,,,,,,
fl_model_orig_grads,global_model_state_exp2_b64_e15_c10.pt,none,22,6,29,152,6,1,0.9066312313079834,29.96286445686248,7.194818317657337e-05,,,,,,,,
fl_model_orig_grads,global_model_state_exp2_b64_e15_c10.pt,none,22,6,30,153,6,1,0.9068541526794434,30.085380357475373,7.207616727100685e-05,,,,,,,,
fl_model_orig_grads,global_model_state_exp2_b64_e15_c10.pt,none,22,6,31,154,6,1,0.9055137038230896,29.874192791939393,7.358058064710349e-05,,,,,,,,
fl_model_orig_grads,global_model_state_exp2_b64_e15_c10.pt,none,22,6,32,155,6,1,0.9072605967521667,30.173768412087774,7.20443349564448e-05,,,,,,,,
fl_model_orig_grads,global_model_state_exp2_b64_e15_c10.pt,none,22,6,33,156,6,1,0.9081225395202637,30.15757534959866,7.204406574601308e-05,,,,,,,,
fl_model_orig_grads,global_model_state_exp2_b64_e15_c10.pt,none,22,6,34,157,6,1,0.9070494174957275,30.15230123681163,7.186819857452065e-05,,,,,,,,
fl_model_orig_grads,global_model_state_exp2_b64_e15_c10.pt,none,22,6,35,158,6,1,0.440359503030777,16.27119282624341,0.0006864209426566958,,,,,,,,
fl_model_orig_grads,global_model_state_exp2_b64_e15_c10.pt,none,22,6,36,159,6,1,0.9077799916267395,30.184371836482633,7.186857692431659e-05,,,,,,,,
fl_model_orig_grads,global_model_state_exp2_b64_e15_c10.pt,none,22,6,37,160,6,1,0.3701113760471344,15.073883570106792,0.0013269621413201094,,,,,,,,
fl_model_orig_grads,global_model_state_exp2_b64_e15_c10.pt,none,22,6,38,161,6,1,0.9065950512886047,30.04215688171376,7.189109601313248e-05,,,,,,,,
fl_model_orig_grads,global_model_state_exp2_b64_e15_c10.pt,none,22,6,39,162,6,1,0.908362090587616,30.26143872657993,7.191296754172072e-05,,,,,,,,
fl_model_orig_grads,global_model_state_exp2_b64_e15_c10.pt,none,22,6,40,163,6,1,0.9075940251350403,30.203576182049257,7.232896314235404e-05,,,,,,,,
fl_model_orig_grads,global_model_state_exp2_b64_e15_c10.pt,none,22,6,41,164,6,1,0.9072849750518799,30.24669789283708,7.198286039056256e-05,,,,,,,,
fl_model_orig_grads,global_model_state_exp2_b64_e15_c10.pt,none,22,6,42,165,6,1,0.9069757461547852,30.18317320567381,7.181518594734371e-05,,,,,,,,
fl_model_orig_grads,global_model_state_exp2_b64_e15_c10.pt,none,22,6,43,166,6,1,0.9070232510566711,30.054546732484035,7.26181679056026e-05,,,,,,,,
fl_model_orig_grads,global_model_state_exp2_b64_e15_c10.pt,none,22,6,44,167,6,1,0.9069213271141052,30.00486543165488,7.222152635222301e-05,,,,,,,,
fl_model_orig_grads,global_model_state_exp2_b64_e15_c10.pt,none,22,6,45,168,6,1,0.9072722792625427,30.14273015023209,7.196603110060096e-05,,,,,,,,
fl_model_orig_grads,global_model_state_exp2_b64_e15_c10.pt,none,22,6,46,169,6,1,0.9065442681312561,30.145875679402614,7.196754449978471e-05,,,,,,,,
fl_model_orig_grads,global_model_state_exp2_b64_e15_c10.pt,none,22,6,47,170,6,1,0.9073575139045715,30.19876555182172,7.199773244792596e-05,,,,,,,,
fl_model_orig_grads,global_model_state_exp2_b64_e15_c10.pt,none,22,6,48,171,6,1,0.30268874764442444,13.559647920684526,0.005675184540450573,,,,,,,,
fl_model_orig_grads,global_model_state_exp2_b64_e15_c10.pt,none,22,6,49,172,6,1,0.9070847034454346,30.20598779379569,7.20376119716093e-05,,,,,,,,
fl_model_orig_grads,global_model_state_exp2_b64_e15_c10.pt,none,22,6,AVG,-,-,-,-,-,-,0.8644806867837906,28.914388185230173,0.14539265080325076,4.128138270998687,1.0,,0.4702,0.47019999999999995
fl_model_orig_grads,global_model_state_exp2_b64_e15_c10.pt,none,23,6,0,123,6,1,0.9612415432929993,32.9688880195184,7.448378892149776e-05,,,,,,,,
fl_model_orig_grads,global_model_state_exp2_b64_e15_c10.pt,none,23,6,1,124,6,1,0.9617840647697449,32.85965949972039,7.440230547217652e-05,,,,,,,,
fl_model_orig_grads,global_model_state_exp2_b64_e15_c10.pt,none,23,6,2,125,6,1,0.9608409404754639,32.94530251230638,7.446591189363971e-05,,,,,,,,
fl_model_orig_grads,global_model_state_exp2_b64_e15_c10.pt,none,23,6,3,126,6,1,0.9607145190238953,32.88148433513872,7.430234109051526e-05,,,,,,,,
fl_model_orig_grads,global_model_state_exp2_b64_e15_c10.pt,none,23,6,4,127,6,1,0.9615321159362793,33.02483752880359,7.444583752658218e-05,,,,,,,,
fl_model_orig_grads,global_model_state_exp2_b64_e15_c10.pt,none,23,6,5,128,6,1,0.9614031910896301,32.79668968211556,7.43838754715398e-05,,,,,,,,
fl_model_orig_grads,global_model_state_exp2_b64_e15_c10.pt,none,23,6,6,129,6,1,0.9612128734588623,33.029066953576056,7.431252743117511e-05,,,,,,,,
fl_model_orig_grads,global_model_state_exp2_b64_e15_c10.pt,none,23,6,7,130,6,1,0.9620292782783508,33.23011715224649,7.432768325088546e-05,,,,,,,,
fl_model_orig_grads,global_model_state_exp2_b64_e15_c10.pt,none,23,6,8,131,6,1,0.9606383442878723,32.62984589545841,7.446299423463643e-05,,,,,,,,
fl_model_orig_grads,global_model_state_exp2_b64_e15_c10.pt,none,23,6,9,132,6,1,0.9617855548858643,33.08726247933406,7.441703928634524e-05,,,,,,,,
fl_model_orig_grads,global_model_state_exp2_b64_e15_c10.pt,none,23,6,10,133,6,1,0.9612825512886047,32.62558126041074,7.44995049899444e-05,,,,,,,,
fl_model_orig_grads,global_model_state_exp2_b64_e15_c10.pt,none,23,6,11,134,6,1,0.9617506861686707,33.09172934159062,7.433539576595649e-05,,,,,,,,
fl_model_orig_grads,global_model_state_exp2_b64_e15_c10.pt,none,23,6,12,135,6,1,0.9614933133125305,33.06821026668669,7.439805631292984e-05,,,,,,,,
fl_model_orig_grads,global_model_state_exp2_b64_e15_c10.pt,none,23,6,13,136,6,1,0.9622399806976318,33.17750464534192,7.429090328514576e-05,,,,,,,,
fl_model_orig_grads,global_model_state_exp2_b64_e15_c10.pt,none,23,6,14,137,6,1,0.9613510966300964,33.010356636050105,7.447368261637166e-05,,,,,,,,
fl_model_orig_grads,global_model_state_exp2_b64_e15_c10.pt,none,23,6,15,138,6,1,0.9614462852478027,33.041480000990184,7.428118988173082e-05,,,,,,,,
fl_model_orig_grads,global_model_state_exp2_b64_e15_c10.pt,none,23,6,16,139,6,1,0.9620802402496338,33.17960131511235,7.43011842132546e-05,,,,,,,,
fl_model_orig_grads,global_model_state_exp2_b64_e15_c10.pt,none,23,6,17,140,6,1,0.9614041447639465,32.99845961498379,7.429274410242215e-05,,,,,,,,
fl_model_orig_grads,global_model_state_exp2_b64_e15_c10.pt,none,23,6,18,141,6,1,0.9608976244926453,32.89313266616,7.436015584971756e-05,,,,,,,,
fl_model_orig_grads,global_model_state_exp2_b64_e15_c10.pt,none,23,6,19,142,6,1,0.9609436988830566,32.43032873533814,7.450828707078472e-05,,,,,,,,
fl_model_orig_grads,global_model_state_exp2_b64_e15_c10.pt,none,23,6,20,143,6,1,0.9608342051506042,33.05984085730874,7.430885307257995e-05,,,,,,,,
fl_model_orig_grads,global_model_state_exp2_b64_e15_c10.pt,none,23,6,21,144,6,1,0.9611830115318298,32.89332841014292,7.439359615091234e-05,,,,,,,,
fl_model_orig_grads,global_model_state_exp2_b64_e15_c10.pt,none,23,6,22,145,6,1,0.9611992239952087,32.956822158425176,7.440692570526153e-05,,,,,,,,
fl_model_orig_grads,global_model_state_exp2_b64_e15_c10.pt,none,23,6,23,146,6,1,0.9608336091041565,32.8740366916886,7.463715883204713e-05,,,,,,,,
fl_model_orig_grads,global_model_state_exp2_b64_e15_c10.pt,none,23,6,24,147,6,1,0.9609873294830322,32.98575396431356,7.434701547026634e-05,,,,,,,,
fl_model_orig_grads,global_model_state_exp2_b64_e15_c10.pt,none,23,6,25,148,6,1,0.9601485133171082,32.861653198677644,7.438076136168092e-05,,,,,,,,
fl_model_orig_grads,global_model_state_exp2_b64_e15_c10.pt,none,23,6,26,149,6,1,0.9611242413520813,32.95173882653392,7.430381083395332e-05,,,,,,,,
fl_model_orig_grads,global_model_state_exp2_b64_e15_c10.pt,none,23,6,27,150,6,1,0.960696280002594,32.912433202810924,7.441979687428102e-05,,,,,,,,
fl_model_orig_grads,global_model_state_exp2_b64_e15_c10.pt,none,23,6,28,151,6,1,0.9613197445869446,33.160479471878645,7.436429586960003e-05,,,,,,,,
fl_model_orig_grads,global_model_state_exp2_b64_e15_c10.pt,none,23,6,29,152,6,1,0.9609405398368835,32.9446923780234,7.42980046197772e-05,,,,,,,,
fl_model_orig_grads,global_model_state_exp2_b64_e15_c10.pt,none,23,6,30,153,6,1,0.9619442820549011,33.232569116805486,7.432210986735299e-05,,,,,,,,
fl_model_orig_grads,global_model_state_exp2_b64_e15_c10.pt,none,23,6,31,154,6,1,0.9618433117866516,33.125431337719476,7.432451820932329e-05,,,,,,,,
fl_model_orig_grads,global_model_state_exp2_b64_e15_c10.pt,none,23,6,32,155,6,1,0.9611333012580872,32.634741806953194,7.446325616911054e-05,,,,,,,,
fl_model_orig_grads,global_model_state_exp2_b64_e15_c10.pt,none,23,6,33,156,6,1,0.9612632393836975,33.06078998005696,7.440993067575619e-05,,,,,,,,
fl_model_orig_grads,global_model_state_exp2_b64_e15_c10.pt,none,23,6,34,157,6,1,0.9613426327705383,32.96791158657778,7.439433829858899e-05,,,,,,,,
fl_model_orig_grads,global_model_state_exp2_b64_e15_c10.pt,none,23,6,35,158,6,1,0.9615482687950134,33.033199283590086,7.434228609781712e-05,,,,,,,,
fl_model_orig_grads,global_model_state_exp2_b64_e15_c10.pt,none,23,6,36,159,6,1,0.9609352946281433,32.95544844499975,7.441483467118815e-05,,,,,,,,
fl_model_orig_grads,global_model_state_exp2_b64_e15_c10.pt,none,23,6,37,160,6,1,0.9611847996711731,32.98728283531283,7.454425940522924e-05,,,,,,,,
fl_model_orig_grads,global_model_state_exp2_b64_e15_c10.pt,none,23,6,38,161,6,1,0.9613215327262878,32.85649574840251,7.445895607816055e-05,,,,,,,,
fl_model_orig_grads,global_model_state_exp2_b64_e15_c10.pt,none,23,6,39,162,6,1,0.9616079330444336,33.07301031979399,7.423834904329851e-05,,,,,,,,
fl_model_orig_grads,global_model_state_exp2_b64_e15_c10.pt,none,23,6,40,163,6,1,0.9618588089942932,33.046500656572945,7.451482815667987e-05,,,,,,,,
fl_model_orig_grads,global_model_state_exp2_b64_e15_c10.pt,none,23,6,41,164,6,1,0.9610520005226135,32.67864117023257,7.454687147401273e-05,,,,,,,,
fl_model_orig_grads,global_model_state_exp2_b64_e15_c10.pt,none,23,6,42,165,6,1,0.9613578915596008,32.84887488904852,7.442427158821374e-05,,,,,,,,
fl_model_orig_grads,global_model_state_exp2_b64_e15_c10.pt,none,23,6,43,166,6,1,0.9602861404418945,32.81308977733556,7.435800944222137e-05,,,,,,,,
fl_model_orig_grads,global_model_state_exp2_b64_e15_c10.pt,none,23,6,44,167,6,1,0.9612998962402344,33.10384515950079,7.432590064126998e-05,,,,,,,,
fl_model_orig_grads,global_model_state_exp2_b64_e15_c10.pt,none,23,6,45,168,6,1,0.9620952606201172,33.116958277327264,7.43278578738682e-05,,,,,,,,
fl_model_orig_grads,global_model_state_exp2_b64_e15_c10.pt,none,23,6,46,169,6,1,0.9613364338874817,32.89098169753948,7.432554411934689e-05,,,,,,,,
fl_model_orig_grads,global_model_state_exp2_b64_e15_c10.pt,none,23,6,47,170,6,1,0.9609610438346863,32.60854949499661,7.448788528563455e-05,,,,,,,,
fl_model_orig_grads,global_model_state_exp2_b64_e15_c10.pt,none,23,6,48,171,6,1,0.9616231918334961,33.057903541160584,7.438549073413014e-05,,,,,,,,
fl_model_orig_grads,global_model_state_exp2_b64_e15_c10.pt,none,23,6,49,172,6,1,0.9613422751426697,32.87918638530823,7.435435691149905e-05,,,,,,,,
fl_model_orig_grads,global_model_state_exp2_b64_e15_c10.pt,none,23,6,AVG,-,-,-,-,-,-,0.9612935256958007,32.95083458419842,0.00044350619704963326,0.16797204077390188,1.0,,0.4702,0.47019999999999995
fl_model_orig_grads,global_model_state_exp2_b64_e15_c10.pt,none,24,2,0,123,2,1,0.9735085368156433,30.711963276317707,0.00013371389650274068,,,,,,,,
fl_model_orig_grads,global_model_state_exp2_b64_e15_c10.pt,none,24,2,1,124,2,1,0.974396288394928,30.936351662228326,0.00013307946210261434,,,,,,,,
fl_model_orig_grads,global_model_state_exp2_b64_e15_c10.pt,none,24,2,2,125,2,1,0.9733135104179382,30.787432057173415,0.0001333130494458601,,,,,,,,
fl_model_orig_grads,global_model_state_exp2_b64_e15_c10.pt,none,24,2,3,126,2,1,0.9729785919189453,30.70174072291101,0.00013303071318659931,,,,,,,,
fl_model_orig_grads,global_model_state_exp2_b64_e15_c10.pt,none,24,2,4,127,2,1,0.9735941290855408,30.754105917465672,0.0001332692918367684,,,,,,,,
fl_model_orig_grads,global_model_state_exp2_b64_e15_c10.pt,none,24,2,5,128,2,1,0.9734883308410645,30.830014265445254,0.0001328763464698568,,,,,,,,
fl_model_orig_grads,global_model_state_exp2_b64_e15_c10.pt,none,24,2,6,129,2,1,0.9727936387062073,30.613800607082805,0.0001330278319073841,,,,,,,,
fl_model_orig_grads,global_model_state_exp2_b64_e15_c10.pt,none,24,2,7,130,2,1,0.9735220074653625,30.728706761793898,0.00013388764637056738,,,,,,,,
fl_model_orig_grads,global_model_state_exp2_b64_e15_c10.pt,none,24,2,8,131,2,1,0.974033534526825,30.843591270536255,0.0001331557723460719,,,,,,,,
fl_model_orig_grads,global_model_state_exp2_b64_e15_c10.pt,none,24,2,9,132,2,1,0.9730811715126038,30.686889841608714,0.0001330389204667881,,,,,,,,
fl_model_orig_grads,global_model_state_exp2_b64_e15_c10.pt,none,24,2,10,133,2,1,0.9727533459663391,30.65588906999739,0.00013333445531316102,,,,,,,,
fl_model_orig_grads,global_model_state_exp2_b64_e15_c10.pt,none,24,2,11,134,2,1,0.9731156229972839,30.62090344995181,0.00013339525321498513,,,,,,,,
fl_model_orig_grads,global_model_state_exp2_b64_e15_c10.pt,none,24,2,12,135,2,1,0.9732975959777832,30.71478251459336,0.00013306793698575348,,,,,,,,
fl_model_orig_grads,global_model_state_exp2_b64_e15_c10.pt,none,24,2,13,136,2,1,0.9740509986877441,30.83548966755462,0.0001335541601292789,,,,,,,,
fl_model_orig_grads,global_model_state_exp2_b64_e15_c10.pt,none,24,2,14,137,2,1,0.7406570315361023,19.310825845830347,0.00045386108104139566,,,,,,,,
fl_model_orig_grads,global_model_state_exp2_b64_e15_c10.pt,none,24,2,15,138,2,1,0.9731325507164001,30.67616722737972,0.00013310823123902082,,,,,,,,
fl_model_orig_grads,global_model_state_exp2_b64_e15_c10.pt,none,24,2,16,139,2,1,0.9731912612915039,30.683630784226764,0.00013328292698133737,,,,,,,,
fl_model_orig_grads,global_model_state_exp2_b64_e15_c10.pt,none,24,2,17,140,2,1,0.9741168022155762,30.820618549035448,0.00013281947758514434,,,,,,,,
fl_model_orig_grads,global_model_state_exp2_b64_e15_c10.pt,none,24,2,18,141,2,1,0.9722986817359924,30.60314181846007,0.00013324528117664158,,,,,,,,
fl_model_orig_grads,global_model_state_exp2_b64_e15_c10.pt,none,24,2,19,142,2,1,0.9731888771057129,30.672990353624378,0.00013308192137628794,,,,,,,,
fl_model_orig_grads,global_model_state_exp2_b64_e15_c10.pt,none,24,2,20,143,2,1,0.9734013080596924,30.76503338694145,0.00013308817869983613,,,,,,,,
fl_model_orig_grads,global_model_state_exp2_b64_e15_c10.pt,none,24,2,21,144,2,1,0.9730668067932129,30.699354540828647,0.00013306910113897175,,,,,,,,
fl_model_orig_grads,global_model_state_exp2_b64_e15_c10.pt,none,24,2,22,145,2,1,0.9731277823448181,30.726744373222967,0.00013301098078954965,,,,,,,,
fl_model_orig_grads,global_model_state_exp2_b64_e15_c10.pt,none,24,2,23,146,2,1,0.9728908538818359,30.71390700096819,0.00013339902216102928,,,,,,,,
fl_model_orig_grads,global_model_state_exp2_b64_e15_c10.pt,none,24,2,24,147,2,1,0.9735119938850403,30.717223106462708,0.0001334060070803389,,,,,,,,
fl_model_orig_grads,global_model_state_exp2_b64_e15_c10.pt,none,24,2,25,148,2,1,0.9739212393760681,30.851111881855104,0.00013312559167388827,,,,,,,,
fl_model_orig_grads,global_model_state_exp2_b64_e15_c10.pt,none,24,2,26,149,2,1,0.9735481142997742,30.785593630489473,0.00013299976126290858,,,,,,,,
fl_model_orig_grads,global_model_state_exp2_b64_e15_c10.pt,none,24,2,27,150,2,1,0.9731850624084473,30.72612274678911,0.00013285384920891374,,,,,,,,
fl_model_orig_grads,global_model_state_exp2_b64_e15_c10.pt,none,24,2,28,151,2,1,0.9735193252563477,30.690264189977412,0.0001341692841378972,,,,,,,,
fl_model_orig_grads,global_model_state_exp2_b64_e15_c10.pt,none,24,2,29,152,2,1,0.9739988446235657,30.851264307692638,0.00013312164810486138,,,,,,,,
fl_model_orig_grads,global_model_state_exp2_b64_e15_c10.pt,none,24,2,30,153,2,1,0.9733933806419373,30.670583070908044,0.00013336427218746394,,,,,,,,
fl_model_orig_grads,global_model_state_exp2_b64_e15_c10.pt,none,24,2,31,154,2,1,0.9740166664123535,30.8204727776465,0.00013337444397620857,,,,,,,,
fl_model_orig_grads,global_model_state_exp2_b64_e15_c10.pt,none,24,2,32,155,2,1,0.9736855626106262,30.844058374135702,0.00013335412950254977,,,,,,,,
fl_model_orig_grads,global_model_state_exp2_b64_e15_c10.pt,none,24,2,33,156,2,1,0.9740926623344421,30.88795835621383,0.00013298839621711522,,,,,,,,
fl_model_orig_grads,global_model_state_exp2_b64_e15_c10.pt,none,24,2,34,157,2,1,0.9737980961799622,30.740071924801924,0.00013386565842665732,,,,,,,,
fl_model_orig_grads,global_model_state_exp2_b64_e15_c10.pt,none,24,2,35,158,2,1,0.9732114672660828,30.702069904208923,0.00013297681289259344,,,,,,,,
fl_model_orig_grads,global_model_state_exp2_b64_e15_c10.pt,none,24,2,36,159,2,1,0.8741543889045715,23.12261683502639,0.0002197042340412736,,,,,,,,
fl_model_orig_grads,global_model_state_exp2_b64_e15_c10.pt,none,24,2,37,160,2,1,0.9730739593505859,30.66508132304161,0.00013336569827515632,,,,,,,,
fl_model_orig_grads,global_model_state_exp2_b64_e15_c10.pt,none,24,2,38,161,2,1,0.9734885096549988,30.725597971694512,0.00013334854156710207,,,,,,,,
fl_model_orig_grads,global_model_state_exp2_b64_e15_c10.pt,none,24,2,39,162,2,1,0.9729340672492981,30.777915177254677,0.00013306637993082404,,,,,,,,
fl_model_orig_grads,global_model_state_exp2_b64_e15_c10.pt,none,24,2,40,163,2,1,0.9731215834617615,30.66347792928802,0.00013319995196070522,,,,,,,,
fl_model_orig_grads,global_model_state_exp2_b64_e15_c10.pt,none,24,2,41,164,2,1,0.9722607731819153,30.564769777771215,0.00013299980491865426,,,,,,,,
fl_model_orig_grads,global_model_state_exp2_b64_e15_c10.pt,none,24,2,42,165,2,1,0.973254382610321,30.786787237135403,0.00013366385246627033,,,,,,,,
fl_model_orig_grads,global_model_state_exp2_b64_e15_c10.pt,none,24,2,43,166,2,1,0.9736124873161316,30.80027908046054,0.00013323110761120915,,,,,,,,
fl_model_orig_grads,global_model_state_exp2_b64_e15_c10.pt,none,24,2,44,167,2,1,0.9732410311698914,30.71330647679759,0.0001330063387285918,,,,,,,,
fl_model_orig_grads,global_model_state_exp2_b64_e15_c10.pt,none,24,2,45,168,2,1,0.9734091758728027,30.80406497084635,0.00013313328963704407,,,,,,,,
fl_model_orig_grads,global_model_state_exp2_b64_e15_c10.pt,none,24,2,46,169,2,1,0.9732174277305603,30.67533709366648,0.000133166293380782,,,,,,,,
fl_model_orig_grads,global_model_state_exp2_b64_e15_c10.pt,none,24,2,47,170,2,1,0.9739084243774414,30.846866019543388,0.00013319458230398595,,,,,,,,
fl_model_orig_grads,global_model_state_exp2_b64_e15_c10.pt,none,24,2,48,171,2,1,0.8279845118522644,21.66339560104964,0.0002699439355637878,,,,,,,,
fl_model_orig_grads,global_model_state_exp2_b64_e15_c10.pt,none,24,2,49,172,2,1,0.9732498526573181,30.740929894137018,0.00013359467266127467,,,,,,,,
fl_model_orig_grads,global_model_state_exp2_b64_e15_c10.pt,none,24,2,AVG,-,-,-,-,-,-,0.9638358449935913,30.17862589248145,0.040149806960804835,2.2608663625802037,1.0,,0.4702,0.47019999999999995
fl_model_orig_grads,global_model_state_exp2_b64_e15_c10.pt,none,25,6,0,123,6,1,0.9634925723075867,31.82582704152733,9.072195825865492e-05,,,,,,,,
fl_model_orig_grads,global_model_state_exp2_b64_e15_c10.pt,none,25,6,1,124,6,1,0.9632818102836609,31.744501660799486,9.072618559002876e-05,,,,,,,,
fl_model_orig_grads,global_model_state_exp2_b64_e15_c10.pt,none,25,6,2,125,6,1,0.9623891711235046,31.600047945755293,9.073449473362416e-05,,,,,,,,
fl_model_orig_grads,global_model_state_exp2_b64_e15_c10.pt,none,25,6,3,126,6,1,0.9624746441841125,31.59332818228593,9.064255573321134e-05,,,,,,,,
fl_model_orig_grads,global_model_state_exp2_b64_e15_c10.pt,none,25,6,4,127,6,1,0.9624558091163635,31.630893174367433,9.076430433196947e-05,,,,,,,,
fl_model_orig_grads,global_model_state_exp2_b64_e15_c10.pt,none,25,6,5,128,6,1,0.9624112248420715,31.643880421654295,9.077472350327298e-05,,,,,,,,
fl_model_orig_grads,global_model_state_exp2_b64_e15_c10.pt,none,25,6,6,129,6,1,0.9618951678276062,31.581964323285167,9.07030698726885e-05,,,,,,,,
fl_model_orig_grads,global_model_state_exp2_b64_e15_c10.pt,none,25,6,7,130,6,1,0.9626631140708923,31.58015022229863,9.071119711734354e-05,,,,,,,,
fl_model_orig_grads,global_model_state_exp2_b64_e15_c10.pt,none,25,6,8,131,6,1,0.5430043339729309,16.571104947938757,0.0011279670288786292,,,,,,,,
fl_model_orig_grads,global_model_state_exp2_b64_e15_c10.pt,none,25,6,9,132,6,1,0.961662769317627,31.563884594136017,9.068337385542691e-05,,,,,,,,
fl_model_orig_grads,global_model_state_exp2_b64_e15_c10.pt,none,25,6,10,133,6,1,0.962451159954071,31.661285809060054,9.066788334166631e-05,,,,,,,,
fl_model_orig_grads,global_model_state_exp2_b64_e15_c10.pt,none,25,6,11,134,6,1,0.4649575650691986,15.422992050981275,0.0029339734464883804,,,,,,,,
fl_model_orig_grads,global_model_state_exp2_b64_e15_c10.pt,none,25,6,12,135,6,1,0.961966335773468,31.611328547548485,9.068890358321369e-05,,,,,,,,
fl_model_orig_grads,global_model_state_exp2_b64_e15_c10.pt,none,25,6,13,136,6,1,0.9624333381652832,31.546655172424156,9.083790064323694e-05,,,,,,,,
fl_model_orig_grads,global_model_state_exp2_b64_e15_c10.pt,none,25,6,14,137,6,1,0.9628682136535645,31.75282261296943,9.068919462151825e-05,,,,,,,,
fl_model_orig_grads,global_model_state_exp2_b64_e15_c10.pt,none,25,6,15,138,6,1,0.9625932574272156,31.687760272952946,9.07067078514956e-05,,,,,,,,
fl_model_orig_grads,global_model_state_exp2_b64_e15_c10.pt,none,25,6,16,139,6,1,0.9625501036643982,31.674090796392512,9.075284469872713e-05,,,,,,,,
fl_model_orig_grads,global_model_state_exp2_b64_e15_c10.pt,none,25,6,17,140,6,1,0.9615934491157532,31.426369331390926,9.084153134608641e-05,,,,,,,,
fl_model_orig_grads,global_model_state_exp2_b64_e15_c10.pt,none,25,6,18,141,6,1,0.9623022079467773,31.47732186664131,9.06923960428685e-05,,,,,,,,
fl_model_orig_grads,global_model_state_exp2_b64_e15_c10.pt,none,25,6,19,142,6,1,0.9622097015380859,31.618984045297683,9.058300929609686e-05,,,,,,,,
fl_model_orig_grads,global_model_state_exp2_b64_e15_c10.pt,none,25,6,20,143,6,1,0.9618427157402039,31.494595862678775,9.068361396202818e-05,,,,,,,,
fl_model_orig_grads,global_model_state_exp2_b64_e15_c10.pt,none,25,6,21,144,6,1,0.9629516005516052,31.768082014242907,9.064852201845497e-05,,,,,,,,
fl_model_orig_grads,global_model_state_exp2_b64_e15_c10.pt,none,25,6,22,145,6,1,0.9629349708557129,31.58332877163339,9.074543777387589e-05,,,,,,,,
fl_model_orig_grads,global_model_state_exp2_b64_e15_c10.pt,none,25,6,23,146,6,1,0.9616785049438477,31.478353711271176,9.068902727449313e-05,,,,,,,,
fl_model_orig_grads,global_model_state_exp2_b64_e15_c10.pt,none,25,6,24,147,6,1,0.9625986218452454,31.527635583771815,9.106635843636468e-05,,,,,,,,
fl_model_orig_grads,global_model_state_exp2_b64_e15_c10.pt,none,25,6,25,148,6,1,0.9626596570014954,31.71163646854051,9.071426757145673e-05,,,,,,,,
fl_model_orig_grads,global_model_state_exp2_b64_e15_c10.pt,none,25,6,26,149,6,1,0.9621492028236389,31.515429574419308,9.069882071344182e-05,,,,,,,,
fl_model_orig_grads,global_model_state_exp2_b64_e15_c10.pt,none,25,6,27,150,6,1,0.9623047709465027,31.590492767752124,9.073012188309804e-05,,,,,,,,
fl_model_orig_grads,global_model_state_exp2_b64_e15_c10.pt,none,25,6,28,151,6,1,0.9628742337226868,31.64988550029132,9.070390660781413e-05,,,,,,,,
fl_model_orig_grads,global_model_state_exp2_b64_e15_c10.pt,none,25,6,29,152,6,1,0.9630362391471863,31.65875133320953,9.074637637240812e-05,,,,,,,,
fl_model_orig_grads,global_model_state_exp2_b64_e15_c10.pt,none,25,6,30,153,6,1,0.9632821083068848,31.74440940205654,9.073965338757262e-05,,,,,,,,
fl_model_orig_grads,global_model_state_exp2_b64_e15_c10.pt,none,25,6,31,154,6,1,0.9616575241088867,31.436727705598024,9.071175009012222e-05,,,,,,,,
fl_model_orig_grads,global_model_state_exp2_b64_e15_c10.pt,none,25,6,32,155,6,1,0.9623889923095703,31.64121366963392,9.066174243343994e-05,,,,,,,,
fl_model_orig_grads,global_model_state_exp2_b64_e15_c10.pt,none,25,6,33,156,6,1,0.9623931050300598,31.67623958475454,9.071898966794834e-05,,,,,,,,
fl_model_orig_grads,global_model_state_exp2_b64_e15_c10.pt,none,25,6,34,157,6,1,0.9628477096557617,31.563734130031044,9.083963959710672e-05,,,,,,,,
fl_model_orig_grads,global_model_state_exp2_b64_e15_c10.pt,none,25,6,35,158,6,1,0.9627180695533752,31.60883929700532,9.076498099602759e-05,,,,,,,,
fl_model_orig_grads,global_model_state_exp2_b64_e15_c10.pt,none,25,6,36,159,6,1,0.9621201157569885,31.44328980196083,9.083288023248315e-05,,,,,,,,
fl_model_orig_grads,global_model_state_exp2_b64_e15_c10.pt,none,25,6,37,160,6,1,0.9630839228630066,31.714634410783667,9.107671212404966e-05,,,,,,,,
fl_model_orig_grads,global_model_state_exp2_b64_e15_c10.pt,none,25,6,38,161,6,1,0.9609604477882385,31.261502751416963,9.086580394068733e-05,,,,,,,,
fl_model_orig_grads,global_model_state_exp2_b64_e15_c10.pt,none,25,6,39,162,6,1,0.96274733543396,31.657452880823346,9.075171692529693e-05,,,,,,,,
fl_model_orig_grads,global_model_state_exp2_b64_e15_c10.pt,none,25,6,40,163,6,1,0.963331401348114,31.720158479446383,9.062578465091065e-05,,,,,,,,
fl_model_orig_grads,global_model_state_exp2_b64_e15_c10.pt,none,25,6,41,164,6,1,0.9632918238639832,31.783352698969466,9.082765609491616e-05,,,,,,,,
fl_model_orig_grads,global_model_state_exp2_b64_e15_c10.pt,none,25,6,42,165,6,1,0.962412416934967,31.667356257455623,9.069204679690301e-05,,,,,,,,
fl_model_orig_grads,global_model_state_exp2_b64_e15_c10.pt,none,25,6,43,166,6,1,0.9623929858207703,31.625676304936754,9.06245841179043e-05,,,,,,,,
fl_model_orig_grads,global_model_state_exp2_b64_e15_c10.pt,none,25,6,44,167,6,1,0.9625712037086487,31.643102345728774,9.069046791410074e-05,,,,,,,,
fl_model_orig_grads,global_model_state_exp2_b64_e15_c10.pt,none,25,6,45,168,6,1,0.6139836311340332,17.860555964579795,0.0005906091537326574,,,,,,,,
fl_model_orig_grads,global_model_state_exp2_b64_e15_c10.pt,none,25,6,46,169,6,1,0.9629793167114258,31.708142492151342,9.067253267858177e-05,,,,,,,,
fl_model_orig_grads,global_model_state_exp2_b64_e15_c10.pt,none,25,6,47,170,6,1,0.9630508422851562,31.689140279654957,9.06481291167438e-05,,,,,,,,
fl_model_orig_grads,global_model_state_exp2_b64_e15_c10.pt,none,25,6,48,171,6,1,0.47792699933052063,15.527570943413568,0.0009424838935956359,,,,,,,,
fl_model_orig_grads,global_model_state_exp2_b64_e15_c10.pt,none,25,6,49,172,6,1,0.9626501202583313,31.701700252206567,9.064711775863543e-05,,,,,,,,
fl_model_orig_grads,global_model_state_exp2_b64_e15_c10.pt,none,25,6,AVG,-,-,-,-,-,-,0.9275095307826996,30.397363685202507,0.11988291309398327,4.154250681426801,1.0,,0.4702,0.47019999999999995
fl_model_orig_grads,global_model_state_exp2_b64_e15_c10.pt,none,26,3,0,123,3,1,0.9735308289527893,35.04393065508633,6.033615136402659e-05,,,,,,,,
fl_model_orig_grads,global_model_state_exp2_b64_e15_c10.pt,none,26,3,1,124,3,1,0.4767804443836212,17.15293426069956,0.0005476948572322726,,,,,,,,
fl_model_orig_grads,global_model_state_exp2_b64_e15_c10.pt,none,26,3,2,125,3,1,0.9741079807281494,34.65530615008689,6.0359474446158856e-05,,,,,,,,
fl_model_orig_grads,global_model_state_exp2_b64_e15_c10.pt,none,26,3,3,126,3,1,0.4889206886291504,17.197177028292657,0.0005463502602651715,,,,,,,,
fl_model_orig_grads,global_model_state_exp2_b64_e15_c10.pt,none,26,3,4,127,3,1,0.9729811549186707,34.49956517457495,6.043982648407109e-05,,,,,,,,
fl_model_orig_grads,global_model_state_exp2_b64_e15_c10.pt,none,26,3,5,128,3,1,0.9739612936973572,34.40701408527747,6.0713744460372254e-05,,,,,,,,
fl_model_orig_grads,global_model_state_exp2_b64_e15_c10.pt,none,26,3,6,129,3,1,0.9735755920410156,34.128563711173086,6.096803190303035e-05,,,,,,,,
fl_model_orig_grads,global_model_state_exp2_b64_e15_c10.pt,none,26,3,7,130,3,1,0.9728209376335144,34.021889704687595,6.085939457989298e-05,,,,,,,,
fl_model_orig_grads,global_model_state_exp2_b64_e15_c10.pt,none,26,3,8,131,3,1,0.973146378993988,34.14629196871155,6.081468745833263e-05,,,,,,,,
fl_model_orig_grads,global_model_state_exp2_b64_e15_c10.pt,none,26,3,9,132,3,1,0.9729933738708496,34.798830807909134,5.998109554639086e-05,,,,,,,,
fl_model_orig_grads,global_model_state_exp2_b64_e15_c10.pt,none,26,3,10,133,3,1,0.973473072052002,34.817665323100805,6.017879786668345e-05,,,,,,,,
fl_model_orig_grads,global_model_state_exp2_b64_e15_c10.pt,none,26,3,11,134,3,1,0.2981196641921997,14.383022744673063,0.003954148851335049,,,,,,,,
fl_model_orig_grads,global_model_state_exp2_b64_e15_c10.pt,none,26,3,12,135,3,1,0.4707372486591339,16.711439620579235,0.0006219957722350955,,,,,,,,
fl_model_orig_grads,global_model_state_exp2_b64_e15_c10.pt,none,26,3,13,136,3,1,0.39284875988960266,15.833708134216467,0.0013523054076358676,,,,,,,,
fl_model_orig_grads,global_model_state_exp2_b64_e15_c10.pt,none,26,3,14,137,3,1,0.35873809456825256,15.390291705879475,0.005839805118739605,,,,,,,,
fl_model_orig_grads,global_model_state_exp2_b64_e15_c10.pt,none,26,3,15,138,3,1,0.38882163166999817,15.78032244362432,0.0021249959245324135,,,,,,,,
fl_model_orig_grads,global_model_state_exp2_b64_e15_c10.pt,none,26,3,16,139,3,1,0.9724590182304382,34.3979040399929,6.043781468179077e-05,,,,,,,,
fl_model_orig_grads,global_model_state_exp2_b64_e15_c10.pt,none,26,3,17,140,3,1,0.9745084643363953,34.797725581460796,6.05446875852067e-05,,,,,,,,
fl_model_orig_grads,global_model_state_exp2_b64_e15_c10.pt,none,26,3,18,141,3,1,0.974216878414154,34.96194373421505,6.064423723728396e-05,,,,,,,,
fl_model_orig_grads,global_model_state_exp2_b64_e15_c10.pt,none,26,3,19,142,3,1,0.4274628162384033,16.41536070066904,0.0006627993425354362,,,,,,,,
fl_model_orig_grads,global_model_state_exp2_b64_e15_c10.pt,none,26,3,20,143,3,1,0.9721741080284119,34.51540546580999,6.044949986971915e-05,,,,,,,,
fl_model_orig_grads,global_model_state_exp2_b64_e15_c10.pt,none,26,3,21,144,3,1,0.4601164758205414,16.79352567886205,0.0006893743993714452,,,,,,,,
fl_model_orig_grads,global_model_state_exp2_b64_e15_c10.pt,none,26,3,22,145,3,1,0.9737527966499329,35.069945101146445,6.006327748764306e-05,,,,,,,,
fl_model_orig_grads,global_model_state_exp2_b64_e15_c10.pt,none,26,3,23,146,3,1,0.972057044506073,34.138749707232556,6.09341477684211e-05,,,,,,,,
fl_model_orig_grads,global_model_state_exp2_b64_e15_c10.pt,none,26,3,24,147,3,1,0.38961276412010193,15.610455025150598,0.002767649944871664,,,,,,,,
fl_model_orig_grads,global_model_state_exp2_b64_e15_c10.pt,none,26,3,25,148,3,1,0.400839239358902,15.937306695260956,0.0013268620241433382,,,,,,,,
fl_model_orig_grads,global_model_state_exp2_b64_e15_c10.pt,none,26,3,26,149,3,1,0.4536237418651581,16.78821589925828,0.0005146882031112909,,,,,,,,
fl_model_orig_grads,global_model_state_exp2_b64_e15_c10.pt,none,26,3,27,150,3,1,0.9744498133659363,34.64804135532121,6.0392663726815954e-05,,,,,,,,
fl_model_orig_grads,global_model_state_exp2_b64_e15_c10.pt,none,26,3,28,151,3,1,0.9742068648338318,35.11394764959117,6.014983227942139e-05,,,,,,,,
fl_model_orig_grads,global_model_state_exp2_b64_e15_c10.pt,none,26,3,29,152,3,1,0.32966649532318115,14.951669964159954,0.0063427286222577095,,,,,,,,
fl_model_orig_grads,global_model_state_exp2_b64_e15_c10.pt,none,26,3,30,153,3,1,0.9735931754112244,34.74583002690998,6.029537689755671e-05,,,,,,,,
fl_model_orig_grads,global_model_state_exp2_b64_e15_c10.pt,none,26,3,31,154,3,1,0.3511117696762085,15.139993143829107,0.0020019616931676865,,,,,,,,
fl_model_orig_grads,global_model_state_exp2_b64_e15_c10.pt,none,26,3,32,155,3,1,0.4570687711238861,16.67744784283235,0.0009397237445227802,,,,,,,,
fl_model_orig_grads,global_model_state_exp2_b64_e15_c10.pt,none,26,3,33,156,3,1,0.9733364582061768,34.42582511799258,6.0615748225245625e-05,,,,,,,,
fl_model_orig_grads,global_model_state_exp2_b64_e15_c10.pt,none,26,3,34,157,3,1,0.6850070953369141,20.613872869713422,0.00023388772387988865,,,,,,,,
fl_model_orig_grads,global_model_state_exp2_b64_e15_c10.pt,none,26,3,35,158,3,1,0.9738348126411438,35.05523228395746,5.998949200147763e-05,,,,,,,,
fl_model_orig_grads,global_model_state_exp2_b64_e15_c10.pt,none,26,3,36,159,3,1,0.9730255603790283,34.45330984019322,6.0533388023031875e-05,,,,,,,,
fl_model_orig_grads,global_model_state_exp2_b64_e15_c10.pt,none,26,3,37,160,3,1,0.33424726128578186,14.960880434088661,0.0015795680228620768,,,,,,,,
fl_model_orig_grads,global_model_state_exp2_b64_e15_c10.pt,none,26,3,38,161,3,1,0.6293372511863708,19.383649365272728,0.00030573044205084443,,,,,,,,
fl_model_orig_grads,global_model_state_exp2_b64_e15_c10.pt,none,26,3,39,162,3,1,0.3686021864414215,15.636040701939729,0.002447254955768585,,,,,,,,
fl_model_orig_grads,global_model_state_exp2_b64_e15_c10.pt,none,26,3,40,163,3,1,0.9737253785133362,34.634861925720095,6.066923378966749e-05,,,,,,,,
fl_model_orig_grads,global_model_state_exp2_b64_e15_c10.pt,none,26,3,41,164,3,1,0.35688790678977966,15.312010591460046,0.003842264646664262,,,,,,,,
fl_model_orig_grads,global_model_state_exp2_b64_e15_c10.pt,none,26,3,42,165,3,1,0.34491315484046936,15.061862881111416,0.0014382251538336277,,,,,,,,
fl_model_orig_grads,global_model_state_exp2_b64_e15_c10.pt,none,26,3,43,166,3,1,0.43883562088012695,16.687327149149777,0.0005544041632674634,,,,,,,,
fl_model_orig_grads,global_model_state_exp2_b64_e15_c10.pt,none,26,3,44,167,3,1,0.9732113480567932,34.791236255733885,6.0134301747893915e-05,,,,,,,,
fl_model_orig_grads,global_model_state_exp2_b64_e15_c10.pt,none,26,3,45,168,3,1,0.9729421734809875,34.91193255124736,6.01512219873257e-05,,,,,,,,
fl_model_orig_grads,global_model_state_exp2_b64_e15_c10.pt,none,26,3,46,169,3,1,0.9741012454032898,34.64359742079184,6.026467235642485e-05,,,,,,,,
fl_model_orig_grads,global_model_state_exp2_b64_e15_c10.pt,none,26,3,47,170,3,1,0.9728550910949707,34.5450753565838,6.053559627616778e-05,,,,,,,,
fl_model_orig_grads,global_model_state_exp2_b64_e15_c10.pt,none,26,3,48,171,3,1,0.9739490151405334,34.47781288074898,6.0380429204087704e-05,,,,,,,,
fl_model_orig_grads,global_model_state_exp2_b64_e15_c10.pt,none,26,3,49,172,3,1,0.27817484736442566,14.122993983734153,0.018833819776773453,,,,,,,,
fl_model_orig_grads,global_model_state_exp2_b64_e15_c10.pt,none,26,3,AVG,-,-,-,-,-,-,0.7172692757844925,26.147778854794286,0.28478192203920694,9.239144601838943,1.0,,0.4702,0.47019999999999995
fl_model_orig_grads,global_model_state_exp2_b64_e15_c10.pt,none,27,5,0,123,5,1,0.9755906462669373,32.00649877699436,0.00010223076969850808,,,,,,,,
fl_model_orig_grads,global_model_state_exp2_b64_e15_c10.pt,none,27,5,1,124,5,1,0.9759488105773926,32.28547067732522,0.00010144038969883695,,,,,,,,
fl_model_orig_grads,global_model_state_exp2_b64_e15_c10.pt,none,27,5,2,125,5,1,0.6723761558532715,18.063213042206012,0.0018910195212811232,,,,,,,,
fl_model_orig_grads,global_model_state_exp2_b64_e15_c10.pt,none,27,5,3,126,5,1,0.9768050312995911,32.19052530180225,0.0001012030552374199,,,,,,,,
fl_model_orig_grads,global_model_state_exp2_b64_e15_c10.pt,none,27,5,4,127,5,1,0.9763352274894714,31.711554933927395,0.00010401588951935992,,,,,,,,
fl_model_orig_grads,global_model_state_exp2_b64_e15_c10.pt,none,27,5,5,128,5,1,0.7561638951301575,20.030278477923893,0.000425787060521543,,,,,,,,
fl_model_orig_grads,global_model_state_exp2_b64_e15_c10.pt,none,27,5,6,129,5,1,0.9464362263679504,27.52216352624798,0.00013157697685528547,,,,,,,,
fl_model_orig_grads,global_model_state_exp2_b64_e15_c10.pt,none,27,5,7,130,5,1,0.9768449664115906,31.94140396050421,0.00010246320016449317,,,,,,,,
fl_model_orig_grads,global_model_state_exp2_b64_e15_c10.pt,none,27,5,8,131,5,1,0.9764936566352844,32.284446764221656,0.00010110480798175558,,,,,,,,
fl_model_orig_grads,global_model_state_exp2_b64_e15_c10.pt,none,27,5,9,132,5,1,0.9764924049377441,32.397881183995985,0.00010105749242939055,,,,,,,,
fl_model_orig_grads,global_model_state_exp2_b64_e15_c10.pt,none,27,5,10,133,5,1,0.9764277338981628,32.09346229332351,0.00010176403884543106,,,,,,,,
fl_model_orig_grads,global_model_state_exp2_b64_e15_c10.pt,none,27,5,11,134,5,1,0.9770482182502747,32.30902602727403,0.00010282944276696071,,,,,,,,
fl_model_orig_grads,global_model_state_exp2_b64_e15_c10.pt,none,27,5,12,135,5,1,0.9352546334266663,25.802230685390537,0.0001416019513271749,,,,,,,,
fl_model_orig_grads,global_model_state_exp2_b64_e15_c10.pt,none,27,5,13,136,5,1,0.9764487147331238,32.027439583917754,0.00010287551413057372,,,,,,,,
fl_model_orig_grads,global_model_state_exp2_b64_e15_c10.pt,none,27,5,14,137,5,1,0.976429283618927,31.57909318062941,0.0001037809342960827,,,,,,,,
fl_model_orig_grads,global_model_state_exp2_b64_e15_c10.pt,none,27,5,15,138,5,1,0.9756248593330383,31.993156677975133,0.00010127494897460565,,,,,,,,
fl_model_orig_grads,global_model_state_exp2_b64_e15_c10.pt,none,27,5,16,139,5,1,0.9754016995429993,32.074915344183495,0.00010189643944613636,,,,,,,,
fl_model_orig_grads,global_model_state_exp2_b64_e15_c10.pt,none,27,5,17,140,5,1,0.9764304161071777,32.23394931207017,0.00010169637971557677,,,,,,,,
fl_model_orig_grads,global_model_state_exp2_b64_e15_c10.pt,none,27,5,18,141,5,1,0.8329699039459229,22.07021979790489,0.00035084522096440196,,,,,,,,
fl_model_orig_grads,global_model_state_exp2_b64_e15_c10.pt,none,27,5,19,142,5,1,0.9777690768241882,32.12734398500961,0.0001015918460325338,,,,,,,,
fl_model_orig_grads,global_model_state_exp2_b64_e15_c10.pt,none,27,5,20,143,5,1,0.9762978553771973,31.900900894287748,0.00010268550249747932,,,,,,,,
fl_model_orig_grads,global_model_state_exp2_b64_e15_c10.pt,none,27,5,21,144,5,1,0.6313212513923645,17.58825357666721,0.001992241945117712,,,,,,,,
fl_model_orig_grads,global_model_state_exp2_b64_e15_c10.pt,none,27,5,22,145,5,1,0.8241351246833801,21.7206202609973,0.00038835659506730735,,,,,,,,
fl_model_orig_grads,global_model_state_exp2_b64_e15_c10.pt,none,27,5,23,146,5,1,0.9750087857246399,31.553316413021435,0.00010309046047041193,,,,,,,,
fl_model_orig_grads,global_model_state_exp2_b64_e15_c10.pt,none,27,5,24,147,5,1,0.7764797806739807,20.411270972455267,0.0008452991023659706,,,,,,,,
fl_model_orig_grads,global_model_state_exp2_b64_e15_c10.pt,none,27,5,25,148,5,1,0.9743080139160156,31.179641876337328,0.0001047332480084151,,,,,,,,
fl_model_orig_grads,global_model_state_exp2_b64_e15_c10.pt,none,27,5,26,149,5,1,0.9536417126655579,28.113447186344146,0.00012454198440536857,,,,,,,,
fl_model_orig_grads,global_model_state_exp2_b64_e15_c10.pt,none,27,5,27,150,5,1,0.976487398147583,32.18291939369107,0.00010151532478630543,,,,,,,,
fl_model_orig_grads,global_model_state_exp2_b64_e15_c10.pt,none,27,5,28,151,5,1,0.9769083857536316,32.42911897858706,0.00010122978710569441,,,,,,,,
fl_model_orig_grads,global_model_state_exp2_b64_e15_c10.pt,none,27,5,29,152,5,1,0.9777421951293945,32.60166052070995,0.00010059857595479116,,,,,,,,
fl_model_orig_grads,global_model_state_exp2_b64_e15_c10.pt,none,27,5,30,153,5,1,0.9770063757896423,32.2302872474077,0.00010183794802287593,,,,,,,,
fl_model_orig_grads,global_model_state_exp2_b64_e15_c10.pt,none,27,5,31,154,5,1,0.9771733283996582,32.45197157420306,0.00010076098988065496,,,,,,,,
fl_model_orig_grads,global_model_state_exp2_b64_e15_c10.pt,none,27,5,32,155,5,1,0.769509494304657,20.263264481389275,0.0005211029201745987,,,,,,,,
fl_model_orig_grads,global_model_state_exp2_b64_e15_c10.pt,none,27,5,33,156,5,1,0.6547133326530457,17.811930310125128,0.000796798150986433,,,,,,,,
fl_model_orig_grads,global_model_state_exp2_b64_e15_c10.pt,none,27,5,34,157,5,1,0.6956436634063721,18.636211571022123,0.002363626379519701,,,,,,,,
fl_model_orig_grads,global_model_state_exp2_b64_e15_c10.pt,none,27,5,35,158,5,1,0.9768064618110657,32.23412789586099,0.0001018278271658346,,,,,,,,
fl_model_orig_grads,global_model_state_exp2_b64_e15_c10.pt,none,27,5,36,159,5,1,0.9759834408760071,31.97554943066955,0.00010215789370704442,,,,,,,,
fl_model_orig_grads,global_model_state_exp2_b64_e15_c10.pt,none,27,5,37,160,5,1,0.9761279225349426,31.75835349333312,0.0001024147350108251,,,,,,,,
fl_model_orig_grads,global_model_state_exp2_b64_e15_c10.pt,none,27,5,38,161,5,1,0.8423178791999817,22.438035198718783,0.0002180367591790855,,,,,,,,
fl_model_orig_grads,global_model_state_exp2_b64_e15_c10.pt,none,27,5,39,162,5,1,0.745538055896759,19.888826931802875,0.00034702778793871403,,,,,,,,
fl_model_orig_grads,global_model_state_exp2_b64_e15_c10.pt,none,27,5,40,163,5,1,0.974787712097168,31.302160025128153,0.00010376216960139573,,,,,,,,
fl_model_orig_grads,global_model_state_exp2_b64_e15_c10.pt,none,27,5,41,164,5,1,0.976614236831665,32.09711080079283,0.00010255486995447427,,,,,,,,
fl_model_orig_grads,global_model_state_exp2_b64_e15_c10.pt,none,27,5,42,165,5,1,0.9774439334869385,32.48642951118904,0.00010109927097801119,,,,,,,,
fl_model_orig_grads,global_model_state_exp2_b64_e15_c10.pt,none,27,5,43,166,5,1,0.9759774804115295,31.992717442205016,0.00010152764298254624,,,,,,,,
fl_model_orig_grads,global_model_state_exp2_b64_e15_c10.pt,none,27,5,44,167,5,1,0.8052951693534851,21.25296454498446,0.00027602602494880557,,,,,,,,
fl_model_orig_grads,global_model_state_exp2_b64_e15_c10.pt,none,27,5,45,168,5,1,0.9752737879753113,31.886872686194167,0.00010246124293189496,,,,,,,,
fl_model_orig_grads,global_model_state_exp2_b64_e15_c10.pt,none,27,5,46,169,5,1,0.9764013886451721,31.976293005116748,0.00010291775106452405,,,,,,,,
fl_model_orig_grads,global_model_state_exp2_b64_e15_c10.pt,none,27,5,47,170,5,1,0.9758868217468262,31.69126553813056,0.00010252319771097973,,,,,,,,
fl_model_orig_grads,global_model_state_exp2_b64_e15_c10.pt,none,27,5,48,171,5,1,0.9759716987609863,31.661536898252372,0.00010366649075876921,,,,,,,,
fl_model_orig_grads,global_model_state_exp2_b64_e15_c10.pt,none,27,5,49,172,5,1,0.9760130047798157,32.10903313775414,0.00010231233318336308,,,,,,,,
fl_model_orig_grads,global_model_state_exp2_b64_e15_c10.pt,none,27,5,AVG,-,-,-,-,-,-,0.9202421450614929,28.85140730660412,0.10147364698241368,5.170136660132626,1.0,,0.4702,0.47019999999999995
fl_model_orig_grads,global_model_state_exp2_b64_e15_c10.pt,none,28,4,0,123,4,1,0.95904541015625,30.73495308702865,9.628169937059283e-05,,,,,,,,
fl_model_orig_grads,global_model_state_exp2_b64_e15_c10.pt,none,28,4,1,124,4,1,0.9595552086830139,30.691357134221676,9.626712562749162e-05,,,,,,,,
fl_model_orig_grads,global_model_state_exp2_b64_e15_c10.pt,none,28,4,2,125,4,1,0.9590211510658264,30.722274799498713,9.624357335269451e-05,,,,,,,,
fl_model_orig_grads,global_model_state_exp2_b64_e15_c10.pt,none,28,4,3,126,4,1,0.9582302570343018,30.622816878868054,9.624289668863639e-05,,,,,,,,
fl_model_orig_grads,global_model_state_exp2_b64_e15_c10.pt,none,28,4,4,127,4,1,0.9575846195220947,30.521881978185803,9.629771375330165e-05,,,,,,,,
fl_model_orig_grads,global_model_state_exp2_b64_e15_c10.pt,none,28,4,5,128,4,1,0.9589734077453613,30.67853442671656,9.621930803405121e-05,,,,,,,,
fl_model_orig_grads,global_model_state_exp2_b64_e15_c10.pt,none,28,4,6,129,4,1,0.9588128924369812,30.70545339266705,9.622034122003242e-05,,,,,,,,
fl_model_orig_grads,global_model_state_exp2_b64_e15_c10.pt,none,28,4,7,130,4,1,0.9600299000740051,30.80504387358967,9.626605606172234e-05,,,,,,,,
fl_model_orig_grads,global_model_state_exp2_b64_e15_c10.pt,none,28,4,8,131,4,1,0.9593312740325928,30.728564009097585,9.621312347007915e-05,,,,,,,,
fl_model_orig_grads,global_model_state_exp2_b64_e15_c10.pt,none,28,4,9,132,4,1,0.9587929248809814,30.770823716087527,9.626844257581979e-05,,,,,,,,
fl_model_orig_grads,global_model_state_exp2_b64_e15_c10.pt,none,28,4,10,133,4,1,0.9586816430091858,30.694145902595984,9.6270909125451e-05,,,,,,,,
fl_model_orig_grads,global_model_state_exp2_b64_e15_c10.pt,none,28,4,11,134,4,1,0.9593766331672668,30.764129794400198,9.627489635022357e-05,,,,,,,,
fl_model_orig_grads,global_model_state_exp2_b64_e15_c10.pt,none,28,4,12,135,4,1,0.9601693153381348,30.85096293539751,9.629016130929813e-05,,,,,,,,
fl_model_orig_grads,global_model_state_exp2_b64_e15_c10.pt,none,28,4,13,136,4,1,0.9596061706542969,30.798527384035545,9.625493839848787e-05,,,,,,,,
fl_model_orig_grads,global_model_state_exp2_b64_e15_c10.pt,none,28,4,14,137,4,1,0.9598360061645508,30.82324708598449,9.627592226024717e-05,,,,,,,,
fl_model_orig_grads,global_model_state_exp2_b64_e15_c10.pt,none,28,4,15,138,4,1,0.9594058990478516,30.76687178019615,9.623260848456994e-05,,,,,,,,
fl_model_orig_grads,global_model_state_exp2_b64_e15_c10.pt,none,28,4,16,139,4,1,0.9591639637947083,30.752335472221763,9.624688391340896e-05,,,,,,,,
fl_model_orig_grads,global_model_state_exp2_b64_e15_c10.pt,none,28,4,17,140,4,1,0.9591479301452637,30.79510993384911,9.622111247153953e-05,,,,,,,,
fl_model_orig_grads,global_model_state_exp2_b64_e15_c10.pt,none,28,4,18,141,4,1,0.9586660265922546,30.735180117705774,9.627481631468982e-05,,,,,,,,
fl_model_orig_grads,global_model_state_exp2_b64_e15_c10.pt,none,28,4,19,142,4,1,0.9588241577148438,30.705697939582898,9.62378253461793e-05,,,,,,,,
fl_model_orig_grads,global_model_state_exp2_b64_e15_c10.pt,none,28,4,20,143,4,1,0.9590084552764893,30.703916699949744,9.62467966019176e-05,,,,,,,,
fl_model_orig_grads,global_model_state_exp2_b64_e15_c10.pt,none,28,4,21,144,4,1,0.9589166641235352,30.701292065240743,9.629233682062477e-05,,,,,,,,
fl_model_orig_grads,global_model_state_exp2_b64_e15_c10.pt,none,28,4,22,145,4,1,0.9592628479003906,30.78078902774849,9.623655932955444e-05,,,,,,,,
fl_model_orig_grads,global_model_state_exp2_b64_e15_c10.pt,none,28,4,23,146,4,1,0.9593026041984558,30.800033597614703,9.623450750950724e-05,,,,,,,,
fl_model_orig_grads,global_model_state_exp2_b64_e15_c10.pt,none,28,4,24,147,4,1,0.9588958621025085,30.730201996801462,9.624569793231785e-05,,,,,,,,
fl_model_orig_grads,global_model_state_exp2_b64_e15_c10.pt,none,28,4,25,148,4,1,0.9590407013893127,30.744452351032546,9.622883953852579e-05,,,,,,,,
fl_model_orig_grads,global_model_state_exp2_b64_e15_c10.pt,none,28,4,26,149,4,1,0.9585301876068115,30.684737720824934,9.621954814065248e-05,,,,,,,,
fl_model_orig_grads,global_model_state_exp2_b64_e15_c10.pt,none,28,4,27,150,4,1,0.9589641690254211,30.75675216714295,9.630068961996585e-05,,,,,,,,
fl_model_orig_grads,global_model_state_exp2_b64_e15_c10.pt,none,28,4,28,151,4,1,0.9592006802558899,30.787453135836657,9.622044308343902e-05,,,,,,,,
fl_model_orig_grads,global_model_state_exp2_b64_e15_c10.pt,none,28,4,29,152,4,1,0.9592897295951843,30.755305578177143,9.620455239200965e-05,,,,,,,,
fl_model_orig_grads,global_model_state_exp2_b64_e15_c10.pt,none,28,4,30,153,4,1,0.9585028290748596,30.655460382672466,9.626103565096855e-05,,,,,,,,
fl_model_orig_grads,global_model_state_exp2_b64_e15_c10.pt,none,28,4,31,154,4,1,0.9587113857269287,30.71600264318792,9.621848585084081e-05,,,,,,,,
fl_model_orig_grads,global_model_state_exp2_b64_e15_c10.pt,none,28,4,32,155,4,1,0.9589428901672363,30.723841074435853,9.619251068215817e-05,,,,,,,,
fl_model_orig_grads,global_model_state_exp2_b64_e15_c10.pt,none,28,4,33,156,4,1,0.9596915245056152,30.800833301686264,9.623383084544912e-05,,,,,,,,
fl_model_orig_grads,global_model_state_exp2_b64_e15_c10.pt,none,28,4,34,157,4,1,0.9593539237976074,30.829620206247622,9.627165854908526e-05,,,,,,,,
fl_model_orig_grads,global_model_state_exp2_b64_e15_c10.pt,none,28,4,35,158,4,1,0.9587906002998352,30.6931534268746,9.626568498788401e-05,,,,,,,,
fl_model_orig_grads,global_model_state_exp2_b64_e15_c10.pt,none,28,4,36,159,4,1,0.9593982100486755,30.754977413078905,9.626163227949291e-05,,,,,,,,
fl_model_orig_grads,global_model_state_exp2_b64_e15_c10.pt,none,28,4,37,160,4,1,0.9588131308555603,30.701545598732153,9.62205886025913e-05,,,,,,,,
fl_model_orig_grads,global_model_state_exp2_b64_e15_c10.pt,none,28,4,38,161,4,1,0.9589785933494568,30.782847656656834,9.621202480047941e-05,,,,,,,,
fl_model_orig_grads,global_model_state_exp2_b64_e15_c10.pt,none,28,4,39,162,4,1,0.9592177271842957,30.741402739450557,9.624900121707469e-05,,,,,,,,
fl_model_orig_grads,global_model_state_exp2_b64_e15_c10.pt,none,28,4,40,163,4,1,0.9591819643974304,30.802974446683077,9.621962817618623e-05,,,,,,,,
fl_model_orig_grads,global_model_state_exp2_b64_e15_c10.pt,none,28,4,41,164,4,1,0.9591404795646667,30.71928570824939,9.622485231375322e-05,,,,,,,,
fl_model_orig_grads,global_model_state_exp2_b64_e15_c10.pt,none,28,4,42,165,4,1,0.9595587849617004,30.770794846222106,9.62037593126297e-05,,,,,,,,
fl_model_orig_grads,global_model_state_exp2_b64_e15_c10.pt,none,28,4,43,166,4,1,0.9588751792907715,30.76614621641575,9.623605001252145e-05,,,,,,,,
fl_model_orig_grads,global_model_state_exp2_b64_e15_c10.pt,none,28,4,44,167,4,1,0.9590425491333008,30.76036658459242,9.629393025534227e-05,,,,,,,,
fl_model_orig_grads,global_model_state_exp2_b64_e15_c10.pt,none,28,4,45,168,4,1,0.958423912525177,30.665451907755003,9.620617493055761e-05,,,,,,,,
fl_model_orig_grads,global_model_state_exp2_b64_e15_c10.pt,none,28,4,46,169,4,1,0.9582247734069824,30.669540918435146,9.620279161026701e-05,,,,,,,,
fl_model_orig_grads,global_model_state_exp2_b64_e15_c10.pt,none,28,4,47,170,4,1,0.9588039517402649,30.721723003210982,9.621929348213598e-05,,,,,,,,
fl_model_orig_grads,global_model_state_exp2_b64_e15_c10.pt,none,28,4,48,171,4,1,0.9595251083374023,30.800330181207762,9.631063585402444e-05,,,,,,,,
fl_model_orig_grads,global_model_state_exp2_b64_e15_c10.pt,none,28,4,49,172,4,1,0.9585358500480652,30.71667619146381,9.617447358323261e-05,,,,,,,,
fl_model_orig_grads,global_model_state_exp2_b64_e15_c10.pt,none,28,4,AVG,-,-,-,-,-,-,0.9590476012229919,30.73811640859118,0.00046192836917609054,0.05753624262349846,1.0,,0.4702,0.47019999999999995
fl_model_orig_grads,global_model_state_exp2_b64_e15_c10.pt,none,29,0,0,123,0,1,0.8325878977775574,20.808941937562135,0.002786024007946253,,,,,,,,
fl_model_orig_grads,global_model_state_exp2_b64_e15_c10.pt,none,29,0,1,124,0,1,0.9789049029350281,31.708007369150828,0.00011848813301185146,,,,,,,,
fl_model_orig_grads,global_model_state_exp2_b64_e15_c10.pt,none,29,0,2,125,0,1,0.9049531817436218,24.462611845098785,0.00451604463160038,,,,,,,,
fl_model_orig_grads,global_model_state_exp2_b64_e15_c10.pt,none,29,0,3,126,0,1,0.9795520901679993,31.55672699790211,0.0001179709579446353,,,,,,,,
fl_model_orig_grads,global_model_state_exp2_b64_e15_c10.pt,none,29,0,4,127,0,1,0.9640132784843445,29.292336406522747,0.0001361503527732566,,,,,,,,
fl_model_orig_grads,global_model_state_exp2_b64_e15_c10.pt,none,29,0,5,128,0,1,0.8332133293151855,21.273781522109537,0.015415335074067116,,,,,,,,
fl_model_orig_grads,global_model_state_exp2_b64_e15_c10.pt,none,29,0,6,129,0,1,0.9908998012542725,34.932063494681024,0.0001060412687365897,,,,,,,,
fl_model_orig_grads,global_model_state_exp2_b64_e15_c10.pt,none,29,0,7,130,0,1,0.9757750630378723,31.292919666726124,0.00012030941434204578,,,,,,,,
fl_model_orig_grads,global_model_state_exp2_b64_e15_c10.pt,none,29,0,8,131,0,1,0.9688650965690613,29.714082663506005,0.00013466496602632105,,,,,,,,
fl_model_orig_grads,global_model_state_exp2_b64_e15_c10.pt,none,29,0,9,132,0,1,0.9775683283805847,31.300810381990225,0.0001197547244373709,,,,,,,,
fl_model_orig_grads,global_model_state_exp2_b64_e15_c10.pt,none,29,0,10,133,0,1,0.9772982001304626,31.053465349571443,0.00012061312736477703,,,,,,,,
fl_model_orig_grads,global_model_state_exp2_b64_e15_c10.pt,none,29,0,11,134,0,1,0.9812118411064148,32.345702645246696,0.00011563016596483067,,,,,,,,
fl_model_orig_grads,global_model_state_exp2_b64_e15_c10.pt,none,29,0,12,135,0,1,0.9679531455039978,29.607848683229776,0.00013126348494552076,,,,,,,,
fl_model_orig_grads,global_model_state_exp2_b64_e15_c10.pt,none,29,0,13,136,0,1,0.9912024140357971,35.27213196521079,0.00010475470480741933,,,,,,,,
fl_model_orig_grads,global_model_state_exp2_b64_e15_c10.pt,none,29,0,14,137,0,1,0.979114830493927,31.328072756709496,0.00011864137923112139,,,,,,,,
fl_model_orig_grads,global_model_state_exp2_b64_e15_c10.pt,none,29,0,15,138,0,1,0.9810100197792053,31.912724905005284,0.00011453080514911562,,,,,,,,
fl_model_orig_grads,global_model_state_exp2_b64_e15_c10.pt,none,29,0,16,139,0,1,0.9141809940338135,24.564476756312867,0.00024368824961129576,,,,,,,,
fl_model_orig_grads,global_model_state_exp2_b64_e15_c10.pt,none,29,0,17,140,0,1,0.9140321612358093,25.620225698322365,0.009777944535017014,,,,,,,,
fl_model_orig_grads,global_model_state_exp2_b64_e15_c10.pt,none,29,0,18,141,0,1,0.9747403264045715,30.949449121681507,0.00012597347085829824,,,,,,,,
fl_model_orig_grads,global_model_state_exp2_b64_e15_c10.pt,none,29,0,19,142,0,1,0.913705050945282,24.899409889741815,0.0002857203362509608,,,,,,,,
fl_model_orig_grads,global_model_state_exp2_b64_e15_c10.pt,none,29,0,20,143,0,1,0.9518775939941406,27.35247436214606,0.0001475012395530939,,,,,,,,
fl_model_orig_grads,global_model_state_exp2_b64_e15_c10.pt,none,29,0,21,144,0,1,0.9862911701202393,32.91331557977983,0.0001115011764341034,,,,,,,,
fl_model_orig_grads,global_model_state_exp2_b64_e15_c10.pt,none,29,0,22,145,0,1,0.9572004675865173,28.419072226700838,0.00016098166815936565,,,,,,,,
fl_model_orig_grads,global_model_state_exp2_b64_e15_c10.pt,none,29,0,23,146,0,1,0.9771416783332825,31.119309247790746,0.00011943319987040013,,,,,,,,
fl_model_orig_grads,global_model_state_exp2_b64_e15_c10.pt,none,29,0,24,147,0,1,0.9452681541442871,26.99325537189665,0.00015038893616292626,,,,,,,,
fl_model_orig_grads,global_model_state_exp2_b64_e15_c10.pt,none,29,0,25,148,0,1,0.9673358798027039,29.883185342207106,0.00012876855907961726,,,,,,,,
fl_model_orig_grads,global_model_state_exp2_b64_e15_c10.pt,none,29,0,26,149,0,1,0.9434146881103516,26.76604752793803,0.00016010635590646416,,,,,,,,
fl_model_orig_grads,global_model_state_exp2_b64_e15_c10.pt,none,29,0,27,150,0,1,0.9825665950775146,32.40821988789114,0.00011509952310007066,,,,,,,,
fl_model_orig_grads,global_model_state_exp2_b64_e15_c10.pt,none,29,0,28,151,0,1,0.9869050979614258,33.09567325215175,0.00011201373854419217,,,,,,,,
fl_model_orig_grads,global_model_state_exp2_b64_e15_c10.pt,none,29,0,29,152,0,1,0.8802191615104675,23.11326145137275,0.0010141469538211823,,,,,,,,
fl_model_orig_grads,global_model_state_exp2_b64_e15_c10.pt,none,29,0,30,153,0,1,0.8066403269767761,20.172031583779663,0.010656465776264668,,,,,,,,
fl_model_orig_grads,global_model_state_exp2_b64_e15_c10.pt,none,29,0,31,154,0,1,0.9813272356987,32.090823449472396,0.00011742442438844591,,,,,,,,
fl_model_orig_grads,global_model_state_exp2_b64_e15_c10.pt,none,29,0,32,155,0,1,0.9734997153282166,30.314760434517595,0.00012318778317421675,,,,,,,,
fl_model_orig_grads,global_model_state_exp2_b64_e15_c10.pt,none,29,0,33,156,0,1,0.9692556858062744,29.984196592159968,0.00013984632096253335,,,,,,,,
fl_model_orig_grads,global_model_state_exp2_b64_e15_c10.pt,none,29,0,34,157,0,1,0.8265892863273621,20.693150186791385,0.002144582336768508,,,,,,,,
fl_model_orig_grads,global_model_state_exp2_b64_e15_c10.pt,none,29,0,35,158,0,1,0.9658185839653015,29.34887544294121,0.00013930784189142287,,,,,,,,
fl_model_orig_grads,global_model_state_exp2_b64_e15_c10.pt,none,29,0,36,159,0,1,0.8768615126609802,22.700419161932132,0.0011723765637725592,,,,,,,,
fl_model_orig_grads,global_model_state_exp2_b64_e15_c10.pt,none,29,0,37,160,0,1,0.8214272856712341,20.745645727219014,0.010234649293124676,,,,,,,,
fl_model_orig_grads,global_model_state_exp2_b64_e15_c10.pt,none,29,0,38,161,0,1,0.9860828518867493,33.04663503323207,0.00011109402112197131,,,,,,,,
fl_model_orig_grads,global_model_state_exp2_b64_e15_c10.pt,none,29,0,39,162,0,1,0.9718551635742188,30.106257859280277,0.00012684355897363275,,,,,,,,
fl_model_orig_grads,global_model_state_exp2_b64_e15_c10.pt,none,29,0,40,163,0,1,0.9668033123016357,29.637812569167636,0.00012971671822015196,,,,,,,,
fl_model_orig_grads,global_model_state_exp2_b64_e15_c10.pt,none,29,0,41,164,0,1,0.8684908747673035,22.47107277987,0.00044464474194683135,,,,,,,,
fl_model_orig_grads,global_model_state_exp2_b64_e15_c10.pt,none,29,0,42,165,0,1,0.9763525128364563,30.652851472296724,0.00012143093044869602,,,,,,,,
fl_model_orig_grads,global_model_state_exp2_b64_e15_c10.pt,none,29,0,43,166,0,1,0.8841486573219299,23.211837199572546,0.0005517702084034681,,,,,,,,
fl_model_orig_grads,global_model_state_exp2_b64_e15_c10.pt,none,29,0,44,167,0,1,0.9876845479011536,33.98419310962887,0.00010877846216317266,,,,,,,,
fl_model_orig_grads,global_model_state_exp2_b64_e15_c10.pt,none,29,0,45,168,0,1,0.893598735332489,23.832715950388653,0.0004837606684304774,,,,,,,,
fl_model_orig_grads,global_model_state_exp2_b64_e15_c10.pt,none,29,0,46,169,0,1,0.9805011749267578,31.639237662869398,0.0001174093340523541,,,,,,,,
fl_model_orig_grads,global_model_state_exp2_b64_e15_c10.pt,none,29,0,47,170,0,1,0.9769468903541565,31.144176112169532,0.00012118394079152495,,,,,,,,
fl_model_orig_grads,global_model_state_exp2_b64_e15_c10.pt,none,29,0,48,171,0,1,0.967026948928833,29.376956965170038,0.00014884502161294222,,,,,,,,
fl_model_orig_grads,global_model_state_exp2_b64_e15_c10.pt,none,29,0,49,172,0,1,0.8780482411384583,22.65429792424916,0.0018144854111596942,,,,,,,,
fl_model_orig_grads,global_model_state_exp2_b64_e15_c10.pt,none,29,0,AVG,-,-,-,-,-,-,0.9427592396736145,28.475351030457297,0.05240057819377275,4.189904939370972,1.0,,0.4702,0.47019999999999995
